"","PID","Trial","Enc_or_Ret","CA1","CA3"
"1","20230530_SDT04",1,1,-1.66499672941946,-1.15373397930001
"2","20230530_SDT04",2,1,-0.279651185432158,-0.231511949812616
"3","20230530_SDT04",3,1,-0.0161869211820396,0.315487628282551
"4","20230530_SDT04",4,1,-0.534062745784529,-0.298917408086158
"5","20230530_SDT04",5,1,-0.470235282946382,0.0640058328070351
"6","20230530_SDT04",6,1,-0.951409166134557,0.538181782096859
"7","20230530_SDT04",7,1,-0.0875158811989827,1.3351465747289
"8","20230530_SDT04",8,1,-0.241442084084622,0.861037806405157
"9","20230530_SDT04",9,1,-1.4868358381767,-1.0076111753853
"10","20230530_SDT04",10,1,0.202095899559332,-0.135123011578902
"11","20230530_SDT04",11,1,0.410578038681889,1.26133557718461
"12","20230530_SDT04",12,1,0.330258310077044,-0.672857601724451
"13","20230530_SDT04",13,1,0.639110597954442,0.267451118482361
"14","20230530_SDT04",14,1,0.246144387297082,-0.214141407148359
"15","20230530_SDT04",15,1,0.791926228278751,0.737031581242037
"16","20230530_SDT04",16,1,0.33024279570256,0.0223727730021032
"17","20230530_SDT04",17,1,-0.102998038655183,-0.721613538346404
"18","20230530_SDT04",18,1,-1.03167181009733,1.47657763845044
"19","20230530_SDT04",19,1,0.0144337764675492,-1.09262375229517
"20","20230530_SDT04",20,1,0.491643176174501,-0.772083519430525
"21","20230530_SDT04",21,1,-0.0681014489266335,0.401648850728934
"22","20230530_SDT04",22,1,0.296094347705525,0.0912456235772855
"23","20230530_SDT04",23,1,0.424886878210921,-0.607491380331811
"24","20230530_SDT04",24,1,-0.93514224915765,-2.05258544258069
"25","20230530_SDT04",25,1,0.670401354768766,0.305194430374582
"26","20230530_SDT04",26,1,0.528421733778785,0.479384058365716
"27","20230530_SDT04",27,1,0.518364896106352,0.144197411686161
"28","20230530_SDT04",28,1,0.155506855128928,-0.39363810262131
"29","20230530_SDT04",29,1,0.515370342122932,1.74585133916611
"30","20230530_SDT04",30,1,0.169707022312299,0.897265951139097
"31","20230530_SDT04",31,1,0.433560751193244,-0.944285163582043
"32","20230530_SDT04",32,1,-0.825923992713247,-0.846818718691734
"33","20230530_SDT04",33,1,0.474602263922311,0.685226669288366
"34","20230530_SDT04",34,1,-0.910824799518203,-0.593372544395393
"35","20230530_SDT04",35,1,-0.306817770142455,0.968345324072551
"36","20230530_SDT04",36,1,-0.321358185323292,1.36887834921546
"37","20230530_SDT04",37,1,-2.20035045019855,-1.43815738393732
"38","20230530_SDT04",38,1,-0.718979207417065,-0.521921196436459
"39","20230530_SDT04",39,1,0.848473681966257,0.656305082076909
"40","20230530_SDT04",40,1,-0.260515958510003,-0.0559540343386968
"41","20230530_SDT04",41,1,-0.787663578183709,-0.67910813990779
"42","20230530_SDT04",42,1,-0.334595444837515,-1.00135231636263
"43","20230530_SDT04",43,1,1.29750408492043,-0.483411148103449
"44","20230530_SDT04",44,1,1.18258922577728,-0.979610627476516
"45","20230530_SDT04",45,1,2.4379180551936,3.93737055861668
"46","20230530_SDT04",46,1,-0.875723503457633,0.31954674406296
"47","20230530_SDT04",47,1,-4.38323680005362,-2.27930800403921
"48","20230530_SDT04",48,1,-4.75916185203518,-2.0393678113751
"49","20230530_SDT04",49,1,-3.40954841470711,-1.49788989563481
"50","20230530_SDT04",50,1,-6.8152478538096,-5.23149940750335
"51","20230530_SDT04",51,1,-5.68253544883564,-2.11281004052374
"52","20230530_SDT04",52,1,-1.58085690672263,0.578524184899891
"53","20230530_SDT04",53,1,-3.1602622155603,-0.885705933327208
"54","20230530_SDT04",54,1,-1.01493460818666,-0.689631232958253
"55","20230530_SDT04",55,1,0.532367826558057,1.45538802964441
"56","20230530_SDT04",56,1,0.0425443500992155,0.0616932486902885
"57","20230530_SDT04",57,1,-0.621774852947193,-0.444970220945322
"58","20230530_SDT04",58,1,0.927850426929352,1.45847742002676
"59","20230530_SDT04",59,1,-1.25828166025293,-0.461982890225209
"60","20230530_SDT04",60,1,-2.34929724676489,-3.64929471041112
"61","20230530_SDT04",1,2,-0.949437119867315,-0.114353035466309
"62","20230530_SDT04",2,2,-1.70780378115728,-0.00124134729272342
"63","20230530_SDT04",3,2,-0.67943326123411,0.711902148443115
"64","20230530_SDT04",4,2,-0.637244315476624,0.383145076028063
"65","20230530_SDT04",5,2,0.388369628125314,1.58844311973919
"66","20230530_SDT04",6,2,-0.87772574971656,-0.35605322586641
"67","20230530_SDT04",7,2,0.0898988727931282,0.787519353104604
"68","20230530_SDT04",8,2,0.0960714327998214,0.217951128548766
"69","20230530_SDT04",9,2,0.254580522101116,-0.149583920351909
"70","20230530_SDT04",10,2,-0.327149012960012,-0.0640008190806183
"71","20230530_SDT04",11,2,-0.66130352727288,0.380900573352486
"72","20230530_SDT04",12,2,-0.89552366922622,0.359561999268024
"73","20230530_SDT04",13,2,-0.199059502250503,1.03459252029288
"74","20230530_SDT04",14,2,0.445185296987198,0.580330921869268
"75","20230530_SDT04",15,2,0.00662220997281936,0.176479839647571
"76","20230530_SDT04",16,2,0.374792548249358,0.620465507556114
"77","20230530_SDT04",17,2,-0.212462413560075,0.476507118215516
"78","20230530_SDT04",18,2,0.350580852308766,0.368886582008857
"79","20230530_SDT04",19,2,-0.0663853930801459,0.00310075533270064
"80","20230530_SDT04",20,2,0.226097659251353,0.00315269822850488
"81","20230530_SDT04",21,2,-0.59687219875391,-0.139769403565977
"82","20230530_SDT04",22,2,-0.108657331146657,0.188195942564991
"83","20230530_SDT04",23,2,0.172442938197339,0.627962839777942
"84","20230530_SDT04",24,2,-0.65324485747902,-0.459190670912351
"85","20230530_SDT04",25,2,-0.208218107475006,-0.702383667785204
"86","20230530_SDT04",26,2,0.103879107867757,-0.138957260330816
"87","20230530_SDT04",27,2,-0.339854923899585,0.312408403949896
"88","20230530_SDT04",28,2,0.1064967628497,0.755386344290985
"89","20230530_SDT04",29,2,-0.275796464785,-0.515700103730165
"90","20230530_SDT04",30,2,-0.502332430439776,-0.215997924959405
"91","20230530_SDT04",31,2,-0.359503969243411,-1.50461550962667
"92","20230530_SDT04",32,2,0.423776869341108,-0.678544065382684
"93","20230530_SDT04",33,2,0.22295246394589,-1.68493876760104
"94","20230530_SDT04",34,2,0.188303180793917,-3.03309732248612
"95","20230530_SDT04",35,2,0.0570823856621605,-1.20683877015537
"96","20230530_SDT04",36,2,-0.193247120348889,-0.473914193182445
"97","20230530_SDT04",37,2,0.616489064272265,0.183653384481918
"98","20230530_SDT04",38,2,-0.838558042863019,-1.68751641117573
"99","20230530_SDT04",39,2,-0.835445521063768,-1.19050813142026
"100","20230530_SDT04",40,2,-0.384147302021357,-0.385848818303228
"101","20230530_SDT04",41,2,0.0695918800069377,-0.0183368334580246
"102","20230530_SDT04",42,2,-0.305591407319481,-0.663504909463898
"103","20230530_SDT04",43,2,-0.204560696217941,0.302404601499438
"104","20230530_SDT04",44,2,0.234931043692323,0.334806066949491
"105","20230530_SDT04",45,2,0.595480599900976,1.46438402485371
"106","20230530_SDT04",46,2,0.560327975718387,0.781771136632374
"107","20230530_SDT04",47,2,0.184341869783658,0.880015585509439
"108","20230530_SDT04",48,2,-0.487369150453675,-1.54663131248325
"109","20230530_SDT04",49,2,0.422934567061509,-0.0234034540349836
"110","20230530_SDT04",50,2,0.476218501628428,-0.440389971182942
"111","20230530_SDT04",51,2,0.351821132934422,-0.0460849748060174
"112","20230530_SDT04",52,2,0.752206269905209,1.356387487392
"113","20230530_SDT04",53,2,-1.47388908545489,-1.36874372373578
"114","20230530_SDT04",54,2,0.687176763741928,0.477815048922239
"115","20230530_SDT04",55,2,-0.170004686952619,-0.304202915922747
"116","20230530_SDT04",56,2,0.197412138744385,0.781774132614242
"117","20230530_SDT04",57,2,-2.16739465120355,-3.42130877495081
"118","20230530_SDT04",58,2,0.125877729487506,-0.0378071230081086
"119","20230530_SDT04",59,2,0.150630039144606,0.43525657835878
"120","20230530_SDT04",60,2,-0.616863254445667,-0.915444636115855
"121","20230530_SDT04",61,2,0.285725376288427,0.77908971871392
"122","20230530_SDT04",62,2,0.485106139165678,0.361677285934261
"123","20230530_SDT04",63,2,0.238659556446638,1.04072838827238
"124","20230530_SDT04",64,2,-0.619976759378059,0.203095876193933
"125","20230530_SDT04",65,2,-0.187051897617249,0.641848681220651
"126","20230530_SDT04",66,2,-0.337879757211187,0.678680431910765
"127","20230530_SDT04",67,2,-0.226082103732108,-1.45725814456808
"128","20230530_SDT04",68,2,-0.338503339441444,0.623280537050419
"129","20230530_SDT04",69,2,0.201054436780685,-0.363257004929128
"130","20230530_SDT04",70,2,0.128517024212433,1.04402242057898
"131","20230530_SDT04",71,2,-0.0212728635210204,0.524958070663752
"132","20230530_SDT04",72,2,-0.393194198383914,-0.252867678797443
"133","20230530_SDT04",73,2,1.61232894024579,-0.315834819246923
"134","20230530_SDT04",74,2,-0.555940877605242,-1.80212935131245
"135","20230530_SDT04",75,2,-0.0694828597727127,-0.612112620313492
"136","20230530_SDT04",76,2,-0.44494047429435,-0.202078764562638
"137","20230530_SDT04",77,2,-0.0645251336573289,-0.283454887740113
"138","20230530_SDT04",78,2,0.208614603766158,0.652731808800217
"139","20230530_SDT04",79,2,-0.0157792728000268,0.337995349544075
"140","20230530_SDT04",80,2,-0.552380497670564,-0.442391886995677
"141","20230530_SDT04",81,2,-0.245491272456727,0.530497384087292
"142","20230530_SDT04",82,2,-1.13110424223245,0.514762031114115
"143","20230530_SDT04",83,2,-0.841396552283476,0.901514955838253
"144","20230530_SDT04",84,2,-0.558184442577565,0.621701747939507
"145","20230530_SDT04",85,2,-0.938550730010549,0.717968740409895
"146","20230530_SDT04",86,2,-1.05334479932017,-0.00594286717608705
"147","20230530_SDT04",87,2,-0.305827484838126,-0.0953997250948403
"148","20230530_SDT04",88,2,-0.969954305276396,-1.21542866695337
"149","20230530_SDT04",89,2,0.488944912315162,-0.950835676650676
"150","20230530_SDT04",90,2,0.372343131323248,-1.21058721623954
"151","20230530_SDT04",91,2,-1.27262823284119,-1.39521932492435
"152","20230530_SDT04",92,2,0.0474293155880829,-0.731379839851781
"153","20230530_SDT04",93,2,0.347631755997367,-0.614005189024013
"154","20230530_SDT04",94,2,0.0611855304799546,-0.724831442999746
"155","20230530_SDT04",95,2,0.736969253010576,-0.0270731478803665
"156","20230530_SDT04",96,2,0.468434897993155,-0.698212763227455
"157","20230530_SDT04",97,2,0.110592998466048,-0.680681325137397
"158","20230530_SDT04",98,2,-0.101144446020074,-1.13583886896235
"159","20230530_SDT04",99,2,-0.987333362066379,-1.33283353501067
"160","20230530_SDT04",100,2,-0.0372364458095539,-0.615598537251804
"161","20230530_SDT04",101,2,-0.0201696384732209,-0.137786652682232
"162","20230530_SDT04",102,2,0.719049026820679,0.0293954584474868
"163","20230530_SDT04",103,2,0.61921194468235,0.918348307780888
"164","20230530_SDT04",104,2,-0.0843849897713835,-0.487487190153643
"165","20230530_SDT04",105,2,-1.40792334386617,-0.516645713005349
"166","20230530_SDT04",106,2,0.690811990207355,0.743331456240392
"167","20230530_SDT04",107,2,-0.383198188136451,-1.93153006626578
"168","20230530_SDT04",108,2,0.244895912438742,0.0527064315456612
"169","20230530_SDT04",109,2,-0.228237141735873,0.0367174857837224
"170","20230530_SDT04",110,2,0.165451970353831,-0.575712033018873
"171","20230530_SDT04",111,2,-0.181554138523839,-0.778321383198026
"172","20230530_SDT04",112,2,0.495203713102104,-0.631315961874065
"173","20230530_SDT04",113,2,0.131895394333391,-0.264517346249373
"174","20230530_SDT04",114,2,-1.59265010414066,-1.9196417625188
"175","20230530_SDT04",115,2,-0.109273827646797,0.187338745058304
"176","20230530_SDT04",116,2,0.53492662710619,0.436054974494513
"177","20230530_SDT04",117,2,-0.585471842761304,-0.944291931102346
"178","20230530_SDT04",118,2,-1.78619629852057,-0.650836104595916
"179","20230530_SDT04",119,2,-1.01961582030613,-0.93970219817281
"180","20230530_SDT04",120,2,-0.439823501363559,-0.872120743110642
"181","20230601_DLT05",1,1,-0.291440815768876,0.119162997229611
"182","20230601_DLT05",2,1,-0.0654173676077078,-0.216446643820385
"183","20230601_DLT05",3,1,-0.190330077898449,-0.617633179573673
"184","20230601_DLT05",4,1,0.18195469013108,-0.449462285765344
"185","20230601_DLT05",5,1,0.42492776677178,0.964278531421367
"186","20230601_DLT05",6,1,0.513779173911505,-0.118302186644624
"187","20230601_DLT05",7,1,0.759287321413672,-0.377099033733895
"188","20230601_DLT05",8,1,0.709459725702596,0.878985862089795
"189","20230601_DLT05",9,1,0.602583165607746,0.351168548876611
"190","20230601_DLT05",10,1,0.275489420322665,-0.0168060066210011
"191","20230601_DLT05",11,1,0.254125991412804,-0.965660519358922
"192","20230601_DLT05",12,1,-1.21299135424047,-1.51519849909477
"193","20230601_DLT05",13,1,0.0593575942790755,-0.6792617974736
"194","20230601_DLT05",14,1,-0.600077847120017,0.0995619798046982
"195","20230601_DLT05",15,1,-0.596467562570471,-0.087214621309477
"196","20230601_DLT05",16,1,-0.0800331713864264,-0.0997002899585476
"197","20230601_DLT05",17,1,0.150198582139167,-0.110542045166026
"198","20230601_DLT05",18,1,-0.0359191976943202,-0.161831338927503
"199","20230601_DLT05",19,1,0.0722686889625856,0.0514216174284258
"200","20230601_DLT05",20,1,0.39490360832334,0.152573236398462
"201","20230601_DLT05",21,1,0.391425912345723,0.539910384418781
"202","20230601_DLT05",22,1,0.199341556488698,0.259062552977593
"203","20230601_DLT05",23,1,-0.26562262033289,0.147069737256477
"204","20230601_DLT05",24,1,0.572772243537285,0.663752642326748
"205","20230601_DLT05",25,1,0.212723859266168,-0.350898813742054
"206","20230601_DLT05",26,1,0.470166165096184,0.23735592931886
"207","20230601_DLT05",27,1,0.157481674477174,0.540702976261573
"208","20230601_DLT05",28,1,0.243247172634463,1.13516476791879
"209","20230601_DLT05",29,1,0.195972648351567,0.510218971328585
"210","20230601_DLT05",30,1,-0.0931011468639785,-0.394613075247782
"211","20230601_DLT05",31,1,-0.216897975988175,0.586477787494112
"212","20230601_DLT05",32,1,0.186119034491013,0.171160554035139
"213","20230601_DLT05",33,1,-0.540071859565181,-1.30148569478666
"214","20230601_DLT05",34,1,0.0379536849470217,0.0968151460864822
"215","20230601_DLT05",35,1,0.291997358349289,-0.0144890479282462
"216","20230601_DLT05",36,1,0.337238101299892,0.377205310709281
"217","20230601_DLT05",37,1,0.080981005831453,0.501621068670235
"218","20230601_DLT05",38,1,0.0325027968785454,-0.32614578956558
"219","20230601_DLT05",39,1,0.434055062071774,0.152771529741893
"220","20230601_DLT05",40,1,0.339202035672655,0.837375196451851
"221","20230601_DLT05",41,1,0.281188788915275,-0.0352211058611498
"222","20230601_DLT05",42,1,0.143771498115748,-0.643719195346676
"223","20230601_DLT05",43,1,0.302956847850105,-1.16986864687512
"224","20230601_DLT05",44,1,-0.0919928808718337,-0.289015664456733
"225","20230601_DLT05",45,1,-0.0087791607282339,-0.592473040517802
"226","20230601_DLT05",46,1,-0.377295175327687,0.0492341390881476
"227","20230601_DLT05",47,1,-0.340239106369871,-1.31055009221019
"228","20230601_DLT05",48,1,0.0404692272142681,-0.612279433654289
"229","20230601_DLT05",49,1,-0.187116492362844,-1.17835961774099
"230","20230601_DLT05",50,1,0.15266140703753,-0.25420397523733
"231","20230601_DLT05",51,1,0.0165962655451855,-0.913023568378763
"232","20230601_DLT05",52,1,0.301918550957323,0.0964728625220999
"233","20230601_DLT05",53,1,0.707363047436331,0.509388204689991
"234","20230601_DLT05",54,1,1.02657814596762,0.939382245518074
"235","20230601_DLT05",55,1,0.15490437191116,-0.451010807486973
"236","20230601_DLT05",56,1,0.0587651862540133,-0.124795729675119
"237","20230601_DLT05",57,1,-0.496707450258539,-0.680436534281534
"238","20230601_DLT05",58,1,0.308349561026329,0.310865898079918
"239","20230601_DLT05",59,1,-0.180408359051563,-0.798442889744061
"240","20230601_DLT05",60,1,0.171427578745403,-0.741405388838978
"241","20230601_DLT05",1,2,-0.308254017733696,-0.735172029816548
"242","20230601_DLT05",2,2,-0.146425308717581,0.40524723025128
"243","20230601_DLT05",3,2,-0.607396513189843,-0.21728368670701
"244","20230601_DLT05",4,2,-0.24475487945431,0.238632284263952
"245","20230601_DLT05",5,2,-0.338045438096695,0.281814151493682
"246","20230601_DLT05",6,2,0.349676438331081,0.926075594811696
"247","20230601_DLT05",7,2,0.157137262823151,0.407250309619284
"248","20230601_DLT05",8,2,-0.329945516498322,0.473791410763036
"249","20230601_DLT05",9,2,0.612415141072806,0.661513722740561
"250","20230601_DLT05",10,2,0.0967930664917893,0.30669033171791
"251","20230601_DLT05",11,2,-0.00895134817257077,-0.130321131707754
"252","20230601_DLT05",12,2,0.602620102391328,0.662623426007387
"253","20230601_DLT05",13,2,0.17891527307529,-0.715624365126756
"254","20230601_DLT05",14,2,0.0290163152577951,-0.577486552598683
"255","20230601_DLT05",15,2,-0.493445419617768,-1.13230276804005
"256","20230601_DLT05",16,2,0.0431936013922173,-0.0553954497930535
"257","20230601_DLT05",17,2,-0.336197323833345,-0.340142302656387
"258","20230601_DLT05",18,2,0.117173864413431,1.00164200049377
"259","20230601_DLT05",19,2,0.23816062167885,1.13581501666952
"260","20230601_DLT05",20,2,-0.0399295824386697,0.0327698879709035
"261","20230601_DLT05",21,2,-0.872644026917875,-0.914850783339355
"262","20230601_DLT05",22,2,-0.357115719767431,-0.0876333430086301
"263","20230601_DLT05",23,2,0.0865862548127291,-0.287835088604922
"264","20230601_DLT05",24,2,-0.353215896971927,-0.160537991618435
"265","20230601_DLT05",25,2,0.0230075550280596,-0.342921293056027
"266","20230601_DLT05",26,2,0.184274057474303,-0.519894714853963
"267","20230601_DLT05",27,2,-0.46735243659765,-0.544673892881086
"268","20230601_DLT05",28,2,0.0315939149047511,-0.0308637303380985
"269","20230601_DLT05",29,2,0.0172520945873995,-0.0389525468061016
"270","20230601_DLT05",30,2,0.225922230687846,-0.735022366492603
"271","20230601_DLT05",31,2,-0.345168168701911,-1.60245848832845
"272","20230601_DLT05",32,2,-0.553887873652156,-0.717943580845531
"273","20230601_DLT05",33,2,0.166032075070111,-0.0347812235741184
"274","20230601_DLT05",34,2,0.0453638384505702,0.449142006400217
"275","20230601_DLT05",35,2,-0.0621747879056527,0.00505890023355128
"276","20230601_DLT05",36,2,0.209957966083682,0.429897300140182
"277","20230601_DLT05",37,2,0.395059076478001,0.377761804870147
"278","20230601_DLT05",38,2,0.171312252427155,0.793802608237699
"279","20230601_DLT05",39,2,-0.186217453115482,-0.326533846960706
"280","20230601_DLT05",40,2,-0.550281915211732,-0.912586269553858
"281","20230601_DLT05",41,2,-0.0672803204002485,-0.416763642980649
"282","20230601_DLT05",42,2,-0.163362109869262,-0.67514776432857
"283","20230601_DLT05",43,2,-0.210970961747542,-0.878165209140343
"284","20230601_DLT05",44,2,-0.933191389712446,-1.50171246940264
"285","20230601_DLT05",45,2,-1.23594693276731,-2.12027191927598
"286","20230601_DLT05",46,2,-0.586707897981008,-0.923526701156666
"287","20230601_DLT05",47,2,-0.0903149664349006,0.0933654506933148
"288","20230601_DLT05",48,2,-0.0943781988676965,-0.514205500572652
"289","20230601_DLT05",49,2,-0.59463021250342,-0.315370589133388
"290","20230601_DLT05",50,2,-0.384720863121862,-1.05412863069892
"291","20230601_DLT05",51,2,-0.21005277250323,-0.566811214141726
"292","20230601_DLT05",52,2,-0.237690940667998,-0.213027544394841
"293","20230601_DLT05",53,2,-0.0543987836288402,0.351712919804518
"294","20230601_DLT05",54,2,-0.432580859805514,-0.869123032602091
"295","20230601_DLT05",55,2,-0.779396419388606,-0.555182374426529
"296","20230601_DLT05",56,2,0.441755906556453,0.53726172082011
"297","20230601_DLT05",57,2,0.918917376740311,0.500941566784252
"298","20230601_DLT05",58,2,0.537447056697611,0.619184335560356
"299","20230601_DLT05",59,2,0.235949143512363,-0.433020818048052
"300","20230601_DLT05",60,2,0.747406449269246,0.571208497586429
"301","20230601_DLT05",61,2,-0.366581848976146,-0.164695895752375
"302","20230601_DLT05",62,2,-0.522661695700154,-0.909327010012901
"303","20230601_DLT05",63,2,-0.00945089092064235,-0.617247031839353
"304","20230601_DLT05",64,2,-0.114961304456036,-1.5761856660378
"305","20230601_DLT05",65,2,0.112197150995697,-1.47356307340817
"306","20230601_DLT05",66,2,0.268600911873161,-1.60923416661645
"307","20230601_DLT05",67,2,-0.153738856315739,-1.22622229175685
"308","20230601_DLT05",68,2,-0.962247086904103,-1.50248963690566
"309","20230601_DLT05",69,2,-0.968649704405966,-1.58767463286674
"310","20230601_DLT05",70,2,0.351707123504096,-0.233196922217645
"311","20230601_DLT05",71,2,-0.1993898591174,-0.241349542669252
"312","20230601_DLT05",72,2,0.456038100680454,0.669457379536349
"313","20230601_DLT05",73,2,-0.229341557688587,-0.259960895725493
"314","20230601_DLT05",74,2,0.308592677633795,1.05002270432366
"315","20230601_DLT05",75,2,-0.161135775249244,0.719871446176442
"316","20230601_DLT05",76,2,-0.267398013951993,0.738720576765245
"317","20230601_DLT05",77,2,-0.623855839845305,-0.256068834597626
"318","20230601_DLT05",78,2,0.102113564153858,0.141730378775956
"319","20230601_DLT05",79,2,0.0872159176799507,1.2232740409013
"320","20230601_DLT05",80,2,0.0907987892045009,0.910942006933272
"321","20230601_DLT05",81,2,-0.311992183732605,-1.01907476742605
"322","20230601_DLT05",82,2,0.0412660457427629,-1.08496261042114
"323","20230601_DLT05",83,2,-0.215461240802244,-0.391409728074258
"324","20230601_DLT05",84,2,0.834513389303407,0.823044480506149
"325","20230601_DLT05",85,2,1.02035228754568,1.02431120960634
"326","20230601_DLT05",86,2,-0.895837008294543,-0.812336503060656
"327","20230601_DLT05",87,2,-0.248584037721343,-0.960164623095441
"328","20230601_DLT05",88,2,-0.391969029395778,-0.291464625637707
"329","20230601_DLT05",89,2,-1.29189186806804,-2.8462389597789
"330","20230601_DLT05",90,2,0.216841799989885,3.27801199404872
"331","20230601_DLT05",91,2,0.310830819197766,-1.74900190611133
"332","20230601_DLT05",92,2,-0.34190532305965,-0.457982758378586
"333","20230601_DLT05",93,2,-0.927895144843383,1.11144660551757
"334","20230601_DLT05",94,2,-0.567581636358499,0.996305941102668
"335","20230601_DLT05",95,2,-0.337914466428719,0.689442541224628
"336","20230601_DLT05",96,2,0.403325075327373,0.92325717436938
"337","20230601_DLT05",97,2,0.124453340385096,-0.329847000408843
"338","20230601_DLT05",98,2,-0.733891426128858,-1.27816313922086
"339","20230601_DLT05",99,2,0.0782592012846671,-0.485931924942153
"340","20230601_DLT05",100,2,0.104258430843502,-1.31609091197223
"341","20230601_DLT05",101,2,-0.0132986729449894,-1.02077184986079
"342","20230601_DLT05",102,2,-0.0335100379453841,-1.71774215457575
"343","20230601_DLT05",103,2,-0.121337935009935,-1.8439502862959
"344","20230601_DLT05",104,2,-0.131865941184779,-1.35100466256197
"345","20230601_DLT05",105,2,0.21248069661559,0.134841954669379
"346","20230601_DLT05",106,2,-0.413181356887993,-0.482465611338051
"347","20230601_DLT05",107,2,0.134387597472702,-0.848217907790206
"348","20230601_DLT05",108,2,-0.840251779886007,-0.748655736243031
"349","20230601_DLT05",109,2,-0.358880253948005,-1.28139234111196
"350","20230601_DLT05",110,2,-0.293409596026659,-0.979124983519145
"351","20230601_DLT05",111,2,-0.631810460050009,-1.14370558465852
"352","20230601_DLT05",112,2,-0.692950581062899,-0.252325342575799
"353","20230601_DLT05",113,2,-0.592067214913432,1.91673817238487
"354","20230601_DLT05",114,2,-0.136345299156822,-0.460701019975802
"355","20230601_DLT05",115,2,-0.46108910085376,0.36849860205563
"356","20230601_DLT05",116,2,0.247164384534581,1.17554974402482
"357","20230601_DLT05",117,2,-0.777729460717997,-0.310756073960782
"358","20230601_DLT05",118,2,-0.380038291750902,1.15814744414839
"359","20230601_DLT05",119,2,-0.409150403083351,-1.04293571159884
"360","20230601_DLT05",120,2,-0.154769408726591,-2.26362008618976
"361","20230613_SNA09",1,1,-0.762279672596004,-0.876788613612755
"362","20230613_SNA09",2,1,-0.590914054823617,0.438094294898943
"363","20230613_SNA09",3,1,-0.259169311316418,-0.301439660926846
"364","20230613_SNA09",4,1,0.74242412067245,1.67266500546318
"365","20230613_SNA09",5,1,0.384789809761954,1.24236621854426
"366","20230613_SNA09",6,1,0.404217931363278,0.491647902221602
"367","20230613_SNA09",7,1,0.05451531572779,-0.500366958664191
"368","20230613_SNA09",8,1,-0.657183601877669,-1.53727520608526
"369","20230613_SNA09",9,1,0.0527400588803572,-0.64504645798425
"370","20230613_SNA09",10,1,-0.160903451391623,0.102346984767921
"371","20230613_SNA09",11,1,-0.132350144057958,0.98274048964197
"372","20230613_SNA09",12,1,-0.646214219366784,0.387590712652254
"373","20230613_SNA09",13,1,-0.583297924623872,0.146994062672178
"374","20230613_SNA09",14,1,-0.626624679408856,-0.167345690523126
"375","20230613_SNA09",15,1,-0.776553861203562,-0.852340855738409
"376","20230613_SNA09",16,1,-0.895086475913383,-0.144505639729377
"377","20230613_SNA09",17,1,-0.138431223904239,0.0330974917954582
"378","20230613_SNA09",18,1,-0.0130673741608984,-0.0807209871467268
"379","20230613_SNA09",19,1,0.344563149288994,-0.216166099462393
"380","20230613_SNA09",20,1,0.0417246980923269,-0.210084949676426
"381","20230613_SNA09",21,1,-0.179968211472818,-0.431993685322422
"382","20230613_SNA09",22,1,-0.274550423460693,0.148665983392204
"383","20230613_SNA09",23,1,-0.137822401576038,-0.742913521552242
"384","20230613_SNA09",24,1,0.0432531895521254,-0.500585407516527
"385","20230613_SNA09",25,1,0.0055237273812214,-1.77999581730898
"386","20230613_SNA09",26,1,-0.504290735947723,-1.14723075271615
"387","20230613_SNA09",27,1,-0.307609607008292,-0.667203291808908
"388","20230613_SNA09",28,1,0.00116266909337782,-1.12534395169432
"389","20230613_SNA09",29,1,0.0310832347159542,-1.37773453346541
"390","20230613_SNA09",30,1,-0.0610263747120748,-0.956531065619751
"391","20230613_SNA09",31,1,-0.596065079455174,-0.460415390528582
"392","20230613_SNA09",32,1,-0.412108560175215,-0.174171950050932
"393","20230613_SNA09",33,1,0.237438954695275,0.576017755276967
"394","20230613_SNA09",34,1,0.0640037320409868,0.370389347103921
"395","20230613_SNA09",35,1,-0.107011190650628,-0.213821047830839
"396","20230613_SNA09",36,1,0.115573419591126,-0.325120943253773
"397","20230613_SNA09",37,1,1.15048242111253,0.96127741311494
"398","20230613_SNA09",38,1,0.502486091732003,-0.126762035510951
"399","20230613_SNA09",39,1,0.349149600193432,-0.497307052805358
"400","20230613_SNA09",40,1,0.473026507907379,-0.39380218623441
"401","20230613_SNA09",41,1,0.0506915760138521,-1.12222645099359
"402","20230613_SNA09",42,1,0.228643474407893,-0.230806843814153
"403","20230613_SNA09",43,1,0.0578579222012717,-0.376718060733211
"404","20230613_SNA09",44,1,0.613786051394831,0.603640818125873
"405","20230613_SNA09",45,1,0.742849852174278,0.343957276608377
"406","20230613_SNA09",46,1,-0.600020779680574,-0.789267402345415
"407","20230613_SNA09",47,1,-0.494120022746226,-0.0814530919088381
"408","20230613_SNA09",48,1,-0.442598983957016,0.0827023280984679
"409","20230613_SNA09",49,1,0.257177114617764,0.818026595538325
"410","20230613_SNA09",50,1,-0.0628473638647159,0.212012891960548
"411","20230613_SNA09",51,1,0.311430771943866,0.421052429963025
"412","20230613_SNA09",52,1,0.103493091887019,-0.125103589618648
"413","20230613_SNA09",53,1,0.101346337141379,0.939469826708887
"414","20230613_SNA09",54,1,-0.0927531614269335,0.242290965136941
"415","20230613_SNA09",55,1,-0.187064997674528,0.382986118163664
"416","20230613_SNA09",56,1,0.192619847216125,-0.62336894758111
"417","20230613_SNA09",57,1,-0.134219204146967,-0.26185091084966
"418","20230613_SNA09",58,1,0.0335075374105898,-0.498765565540259
"419","20230613_SNA09",59,1,0.372134832777792,-0.239370242514942
"420","20230613_SNA09",60,1,0.0317798273812037,-0.0546840811483388
"421","20230613_SNA09",1,2,-0.680621051821613,0.654344999988206
"422","20230613_SNA09",2,2,-0.472447499526453,0.253984540700912
"423","20230613_SNA09",3,2,-0.17820950365444,0.764125446191876
"424","20230613_SNA09",4,2,-0.810066538804199,-0.412664609777123
"425","20230613_SNA09",5,2,-0.0179736051931422,-0.534011620745959
"426","20230613_SNA09",6,2,-0.115190143636963,0.0428719267596177
"427","20230613_SNA09",7,2,0.201973592811829,-0.0403059258874262
"428","20230613_SNA09",8,2,0.164083700326889,-0.643862255495564
"429","20230613_SNA09",9,2,0.273375658223531,-0.516622010989237
"430","20230613_SNA09",10,2,0.314072796728086,-0.236802405297591
"431","20230613_SNA09",11,2,-0.382168711757647,0.543314711615622
"432","20230613_SNA09",12,2,-0.275842650875862,0.18253270816232
"433","20230613_SNA09",13,2,-0.18127499200556,-1.32322416797837
"434","20230613_SNA09",14,2,0.32688542752835,0.756248373804161
"435","20230613_SNA09",15,2,-0.229688299408804,0.474150641703604
"436","20230613_SNA09",16,2,-0.0859567220391209,-0.0144500161375346
"437","20230613_SNA09",17,2,0.370050202977445,-0.14987347141326
"438","20230613_SNA09",18,2,0.0373059634515854,0.062915579892399
"439","20230613_SNA09",19,2,0.101038688482724,-0.822898224244225
"440","20230613_SNA09",20,2,-0.0367407541171669,0.135267365100646
"441","20230613_SNA09",21,2,-0.920853189914099,-1.42541758442237
"442","20230613_SNA09",22,2,-0.469093832060972,-1.53297285428619
"443","20230613_SNA09",23,2,-0.241926910162278,-1.51971719970961
"444","20230613_SNA09",24,2,-0.398590221745778,-0.377240846759561
"445","20230613_SNA09",25,2,-0.266767923971359,-0.785153615616589
"446","20230613_SNA09",26,2,-0.783536423842588,-0.947965509661204
"447","20230613_SNA09",27,2,-0.171869394323864,-0.473846764496645
"448","20230613_SNA09",28,2,-0.4691107310849,-0.728287741157583
"449","20230613_SNA09",29,2,0.169771953538143,-0.733492922298958
"450","20230613_SNA09",30,2,0.0998698722636069,-0.179693202883284
"451","20230613_SNA09",31,2,-0.324530728494758,0.213441587095511
"452","20230613_SNA09",32,2,-0.144754376940392,-1.60861306315175
"453","20230613_SNA09",33,2,-0.477229085054031,-0.0198369205285247
"454","20230613_SNA09",34,2,-0.304707366380625,-0.958762263209085
"455","20230613_SNA09",35,2,0.211659997976877,-0.132883908265383
"456","20230613_SNA09",36,2,0.366609793827838,0.744883264900646
"457","20230613_SNA09",37,2,-0.836534098554671,-1.08692140495187
"458","20230613_SNA09",38,2,-0.428024302792003,-0.716248137936449
"459","20230613_SNA09",39,2,0.166154408802424,0.302870319511852
"460","20230613_SNA09",40,2,-0.225155712117439,0.609708573167848
"461","20230613_SNA09",41,2,-0.278730660788668,-1.00363377228588
"462","20230613_SNA09",42,2,0.122083240999125,-0.418594519862748
"463","20230613_SNA09",43,2,-0.513353244161842,-0.708946063578299
"464","20230613_SNA09",44,2,-0.503574451716371,-1.06610088023731
"465","20230613_SNA09",45,2,-0.373873214494413,-0.473356999054325
"466","20230613_SNA09",46,2,-0.331625739886219,0.160818259945824
"467","20230613_SNA09",47,2,-0.252847564713093,-0.468137038139644
"468","20230613_SNA09",48,2,-0.346919624915825,-0.105615121978727
"469","20230613_SNA09",49,2,-0.160017103300985,-0.469180490551778
"470","20230613_SNA09",50,2,0.0710215407741638,-0.0574247320196221
"471","20230613_SNA09",51,2,-0.815961218504491,-0.664580432767762
"472","20230613_SNA09",52,2,-0.126274951142987,0.518565776176799
"473","20230613_SNA09",53,2,-0.0743403185463033,0.14344795143371
"474","20230613_SNA09",54,2,0.0268073827327403,0.155214598014185
"475","20230613_SNA09",55,2,0.140293414227459,-0.128163698169394
"476","20230613_SNA09",56,2,0.044731686828728,-0.306765601138158
"477","20230613_SNA09",57,2,0.103060073706414,0.123966170079292
"478","20230613_SNA09",58,2,0.610230290045134,0.158241723725413
"479","20230613_SNA09",59,2,0.208690149509157,-0.55690507074942
"480","20230613_SNA09",60,2,0.606886493333166,-0.0106513602223909
"481","20230613_SNA09",61,2,-0.426224616226259,-0.870719684090217
"482","20230613_SNA09",62,2,0.12971274404581,-0.629150197071798
"483","20230613_SNA09",63,2,0.0443976099754228,-0.110991808655454
"484","20230613_SNA09",64,2,-0.158431600741992,-0.307592479800468
"485","20230613_SNA09",65,2,0.368877354943889,0.0568514866532462
"486","20230613_SNA09",66,2,-0.290381358052738,-1.08757594713689
"487","20230613_SNA09",67,2,-0.348462966406009,-1.19101572245681
"488","20230613_SNA09",68,2,0.171049322288003,-0.103377475396939
"489","20230613_SNA09",69,2,-0.276654789691113,-0.158858781668497
"490","20230613_SNA09",70,2,-0.0331502994833474,-0.358554209380576
"491","20230613_SNA09",71,2,-0.0579275653285245,0.0154091148202038
"492","20230613_SNA09",72,2,-0.064234594363555,-0.434925251096383
"493","20230613_SNA09",73,2,0.268326111487277,-0.255139348623082
"494","20230613_SNA09",74,2,0.0175425166713653,-0.257913774831403
"495","20230613_SNA09",75,2,0.551995566754393,0.577015563452651
"496","20230613_SNA09",76,2,0.184974792006766,0.159976171307205
"497","20230613_SNA09",77,2,-0.172977687215657,-0.718266180548034
"498","20230613_SNA09",78,2,-0.090787018270478,0.0605596593711699
"499","20230613_SNA09",79,2,0.149796334135826,-0.0638705185109697
"500","20230613_SNA09",80,2,-0.524738467219369,-0.676663300515779
"501","20230613_SNA09",81,2,0.0163746170198145,0.3714194073159
"502","20230613_SNA09",82,2,0.39110491510793,0.836306647260926
"503","20230613_SNA09",83,2,0.268104350434403,0.567053535680839
"504","20230613_SNA09",84,2,0.0728750579440969,0.391923226299478
"505","20230613_SNA09",85,2,0.451060537387761,0.662335518145255
"506","20230613_SNA09",86,2,0.215984505845703,-0.153097480338363
"507","20230613_SNA09",87,2,0.703264872137688,0.615030502245944
"508","20230613_SNA09",88,2,0.891254985540543,0.449766501965476
"509","20230613_SNA09",89,2,0.738190130892304,-0.497138832533889
"510","20230613_SNA09",90,2,0.973947881116285,-1.33417268165814
"511","20230613_SNA09",91,2,-1.12220698296611,-0.514901845057921
"512","20230613_SNA09",92,2,-1.17487531531851,-1.45924285540994
"513","20230613_SNA09",93,2,-0.31501733613914,-0.347332442289862
"514","20230613_SNA09",94,2,-0.522509461006281,-0.81710267182457
"515","20230613_SNA09",95,2,0.147085081943863,-0.29973028430663
"516","20230613_SNA09",96,2,-0.543735593795517,0.0589143058174142
"517","20230613_SNA09",97,2,-0.124167251987233,-0.662108247016913
"518","20230613_SNA09",98,2,-0.0666165696016955,-0.139216937704412
"519","20230613_SNA09",99,2,0.126976831333132,-0.067460682680047
"520","20230613_SNA09",100,2,-0.257406460231686,-0.562420917249874
"521","20230613_SNA09",101,2,0.278871864716794,-0.1731501702852
"522","20230613_SNA09",102,2,-0.0241056463293198,-0.482086485676972
"523","20230613_SNA09",103,2,0.33540087277896,0.216689476043543
"524","20230613_SNA09",104,2,-0.724584399704359,0.12047303653209
"525","20230613_SNA09",105,2,0.297332564699899,0.0432548946563903
"526","20230613_SNA09",106,2,-0.301128538441614,0.588482120809625
"527","20230613_SNA09",107,2,0.0701594273490382,0.361560450151354
"528","20230613_SNA09",108,2,-0.280392157422787,0.383949948368577
"529","20230613_SNA09",109,2,0.102752548186956,0.202403218233871
"530","20230613_SNA09",110,2,-0.512067775137577,0.313754697315499
"531","20230613_SNA09",111,2,0.0878306085321585,0.699069000181751
"532","20230613_SNA09",112,2,-0.357251818178553,-0.581801139365525
"533","20230613_SNA09",113,2,-0.00163807360186708,-0.0715119244703788
"534","20230613_SNA09",114,2,-0.300524742477566,-0.0582001174556387
"535","20230613_SNA09",115,2,-0.232685078156446,0.670986306348763
"536","20230613_SNA09",116,2,-0.406591754884457,0.00809027997496164
"537","20230613_SNA09",117,2,0.0640194691223805,0.05988602533819
"538","20230613_SNA09",118,2,0.0976414800706011,0.305498586482778
"539","20230613_SNA09",119,2,0.124238868323138,-0.123638814345664
"540","20230613_SNA09",120,2,-0.278130446153573,-1.34242258385242
"541","20230615_WCN27",1,1,0.553340306120261,-2.25872598472119
"542","20230615_WCN27",2,1,1.03092379303811,-0.220010703649035
"543","20230615_WCN27",3,1,0.990206374872146,0.681402026088917
"544","20230615_WCN27",4,1,-4.27417289856129,-3.21188876613387
"545","20230615_WCN27",5,1,-1.26702500120043,-0.216232080021855
"546","20230615_WCN27",6,1,0.0156528800422182,0.0718758011258551
"547","20230615_WCN27",7,1,-2.42101222167694,-3.19196352516251
"548","20230615_WCN27",8,1,-1.2402128872561,-1.83075093662597
"549","20230615_WCN27",9,1,-2.5206713458009,-1.34435974884172
"550","20230615_WCN27",10,1,-0.228922804479404,-0.100024661007532
"551","20230615_WCN27",11,1,0.235386151448973,0.553163964604232
"552","20230615_WCN27",12,1,-0.818553364507452,-0.185548523139887
"553","20230615_WCN27",13,1,-0.348467538045992,-0.855856166588924
"554","20230615_WCN27",14,1,0.516044783682874,-0.274948112329263
"555","20230615_WCN27",15,1,0.018828534220335,0.279615389887777
"556","20230615_WCN27",16,1,-0.0353584934500622,0.779826896368529
"557","20230615_WCN27",17,1,0.222161868536718,0.737800213001386
"558","20230615_WCN27",18,1,-0.223253760489976,0.850833771890891
"559","20230615_WCN27",19,1,0.241027425201065,2.16914977703403
"560","20230615_WCN27",20,1,-0.328962123281155,-0.0924637959254389
"561","20230615_WCN27",21,1,-0.627661851703083,0.0203271554275157
"562","20230615_WCN27",22,1,0.528991320775,1.42923332492893
"563","20230615_WCN27",23,1,-0.716798028824406,-2.61758704375958
"564","20230615_WCN27",24,1,0.14028836485929,-1.11798020343055
"565","20230615_WCN27",25,1,0.232839105576371,-1.29940349680844
"566","20230615_WCN27",26,1,0.858802824148489,-1.19180383406656
"567","20230615_WCN27",27,1,0.838566798015124,-0.3871592512824
"568","20230615_WCN27",28,1,0.815332981621858,0.614308665304317
"569","20230615_WCN27",29,1,0.95955064294576,0.337857817365863
"570","20230615_WCN27",30,1,0.893387121514097,-0.148194725239357
"571","20230615_WCN27",31,1,-0.132616291652744,0.971737312321654
"572","20230615_WCN27",32,1,0.246457913169275,0.927679244020796
"573","20230615_WCN27",33,1,-0.333425548357577,1.14266110909287
"574","20230615_WCN27",34,1,-0.00711888068086384,0.880247101652007
"575","20230615_WCN27",35,1,-0.209542133759573,-1.13597346540686
"576","20230615_WCN27",36,1,0.420211009263742,-0.274708023786766
"577","20230615_WCN27",37,1,0.226208091399528,0.606258679297413
"578","20230615_WCN27",38,1,-0.227627089954493,0.681480315157521
"579","20230615_WCN27",39,1,0.183364667507747,1.70083927574995
"580","20230615_WCN27",40,1,-0.14480549078292,0.291057440310811
"581","20230615_WCN27",41,1,0.135268673687962,0.811139174115654
"582","20230615_WCN27",42,1,-0.2535190245663,1.095294287314
"583","20230615_WCN27",43,1,0.130980775442935,0.603679936949595
"584","20230615_WCN27",44,1,0.00866843407958803,-0.0162786706942456
"585","20230615_WCN27",45,1,0.559243796361716,0.0707720744350114
"586","20230615_WCN27",46,1,-0.552343585771117,-0.77068913439987
"587","20230615_WCN27",47,1,-0.788639069683149,-1.26625993185016
"588","20230615_WCN27",48,1,-0.301301858608785,0.183566696358756
"589","20230615_WCN27",49,1,0.0143052733347934,0.0123394991995761
"590","20230615_WCN27",50,1,-0.0825006595685446,0.333877976622892
"591","20230615_WCN27",51,1,0.165501563737736,0.50514367385382
"592","20230615_WCN27",52,1,0.0449719241406316,-0.346011641359831
"593","20230615_WCN27",53,1,-0.329946401964596,-1.32818297656414
"594","20230615_WCN27",54,1,0.283392450064329,-0.923997279439083
"595","20230615_WCN27",55,1,-0.0716762021747169,-0.614246586809241
"596","20230615_WCN27",56,1,-0.291101981500303,-1.0578115356464
"597","20230615_WCN27",57,1,-0.402175147616889,-1.49605138613248
"598","20230615_WCN27",58,1,-0.329002425551092,-2.2746928990907
"599","20230615_WCN27",59,1,-0.301375120108544,-1.73522193928883
"600","20230615_WCN27",60,1,-0.482849989771381,-1.39452646374467
"601","20230615_WCN27",1,2,0.820678167112581,2.20513196221889
"602","20230615_WCN27",2,2,-0.218811702890735,0.839893607719699
"603","20230615_WCN27",3,2,-1.03919520205134,-0.648275336827412
"604","20230615_WCN27",4,2,0.405583955635841,0.450894311433177
"605","20230615_WCN27",5,2,0.578710960251399,-0.619731304389919
"606","20230615_WCN27",6,2,-0.607844743968248,0.012022536581685
"607","20230615_WCN27",7,2,0.757245537898796,-0.368539283463791
"608","20230615_WCN27",8,2,0.660047799337378,-0.537275184226107
"609","20230615_WCN27",9,2,-0.370368883209894,-1.25587435284341
"610","20230615_WCN27",10,2,0.629886976278237,0.0184138440168821
"611","20230615_WCN27",11,2,0.497632113654571,-1.20779993589427
"612","20230615_WCN27",12,2,0.686344545879417,1.18164353804643
"613","20230615_WCN27",13,2,1.51500990219468,0.442423956673647
"614","20230615_WCN27",14,2,2.39630184436148,1.81450241717792
"615","20230615_WCN27",15,2,0.568796453539381,0.239642569451106
"616","20230615_WCN27",16,2,0.305093902111254,4.10660535774711
"617","20230615_WCN27",17,2,-0.950157242609131,-2.3205135563967
"618","20230615_WCN27",18,2,0.248088047862223,0.685831668143756
"619","20230615_WCN27",19,2,0.860844752126954,-1.07560127764077
"620","20230615_WCN27",20,2,0.329170468065048,0.0133958819218909
"621","20230615_WCN27",21,2,-0.0880558874247446,-0.3160837328319
"622","20230615_WCN27",22,2,-0.262846409050529,-1.23970916721074
"623","20230615_WCN27",23,2,-0.340803535002876,-1.69762802994951
"624","20230615_WCN27",24,2,-0.401716585193994,-0.792951670459888
"625","20230615_WCN27",25,2,-0.446674377863719,-0.213238634311475
"626","20230615_WCN27",26,2,-0.215295658826006,0.0887464417005003
"627","20230615_WCN27",27,2,0.0567094313800253,-1.3254146894645
"628","20230615_WCN27",28,2,0.109232248881824,0.138240957152037
"629","20230615_WCN27",29,2,0.173614727169134,-0.186319246006714
"630","20230615_WCN27",30,2,0.376824782520566,0.049442691825306
"631","20230615_WCN27",31,2,-1.05826174829668,-0.0331370630795762
"632","20230615_WCN27",32,2,-0.00118000356963032,0.225595555802356
"633","20230615_WCN27",33,2,-0.0624188465827896,-0.558254140376602
"634","20230615_WCN27",34,2,-0.992395589743708,-2.62404453530527
"635","20230615_WCN27",35,2,-0.132573323539382,-1.23484158361382
"636","20230615_WCN27",36,2,0.541162376600646,0.320477895320782
"637","20230615_WCN27",37,2,0.683218117725357,0.938777349470319
"638","20230615_WCN27",38,2,0.411090482210095,-0.375298512987103
"639","20230615_WCN27",39,2,0.197508114864118,-0.230034662120429
"640","20230615_WCN27",40,2,-0.485377520321392,-2.13150085789898
"641","20230615_WCN27",41,2,0.944378189932016,0.457238919067422
"642","20230615_WCN27",42,2,0.765999712844234,1.35498993158859
"643","20230615_WCN27",43,2,0.77649786972042,2.37499998992276
"644","20230615_WCN27",44,2,1.15397264904621,2.75191810554367
"645","20230615_WCN27",45,2,0.702437591169303,1.31167919821529
"646","20230615_WCN27",46,2,0.100662405149205,0.993346871406442
"647","20230615_WCN27",47,2,-0.54811042121611,-2.73206323444126
"648","20230615_WCN27",48,2,-0.443182923726755,-2.1547171108678
"649","20230615_WCN27",49,2,-0.457991115467041,-0.69109847431422
"650","20230615_WCN27",50,2,-0.494753942480677,-0.475564766272598
"651","20230615_WCN27",51,2,-0.630803796752553,0.549333964456363
"652","20230615_WCN27",52,2,-0.842808568628542,-0.699421351358977
"653","20230615_WCN27",53,2,0.00769103448560313,-0.520108227002296
"654","20230615_WCN27",54,2,-0.0108053924327224,0.245432267210128
"655","20230615_WCN27",55,2,-0.0706996056341442,0.277421381869341
"656","20230615_WCN27",56,2,-0.302126015796574,-0.311379108449989
"657","20230615_WCN27",57,2,-0.010554915219704,0.691377172765287
"658","20230615_WCN27",58,2,0.119128484336504,0.724807399190932
"659","20230615_WCN27",59,2,-0.234825951431582,-1.00264852476227
"660","20230615_WCN27",60,2,0.498022693096998,0.482767558973119
"661","20230615_WCN27",61,2,-1.7428862756725,-1.02250187955964
"662","20230615_WCN27",62,2,-0.82208429850603,-1.96856054498954
"663","20230615_WCN27",63,2,-0.170648845240492,0.463070669297597
"664","20230615_WCN27",64,2,0.234697317756512,1.18099291459476
"665","20230615_WCN27",65,2,0.232648763457118,1.54176082573137
"666","20230615_WCN27",66,2,0.21985405979396,0.386853850854038
"667","20230615_WCN27",67,2,-0.0765480258499851,1.69431872618454
"668","20230615_WCN27",68,2,0.179147466392357,1.5395449558687
"669","20230615_WCN27",69,2,0.118232782504847,0.996744534325516
"670","20230615_WCN27",70,2,-0.0135728850316176,0.607699993842063
"671","20230615_WCN27",71,2,0.187050128002138,0.302299398423772
"672","20230615_WCN27",72,2,-0.0440012078292568,0.125969865316745
"673","20230615_WCN27",73,2,-0.441541284289852,-2.31826905649293
"674","20230615_WCN27",74,2,1.33028316254303,-0.697680529306743
"675","20230615_WCN27",75,2,0.137975386648035,-0.649006549211377
"676","20230615_WCN27",76,2,-0.193772811142954,-1.76032841668946
"677","20230615_WCN27",77,2,0.501381275990456,-0.712557011280534
"678","20230615_WCN27",78,2,0.0943364227285243,-0.937415849907141
"679","20230615_WCN27",79,2,-0.0177591794383212,-0.560251591685423
"680","20230615_WCN27",80,2,-0.845511750502314,-0.416374745730677
"681","20230615_WCN27",81,2,0.249863371133047,0.572688690677808
"682","20230615_WCN27",82,2,-0.269940736864441,-0.473978887893397
"683","20230615_WCN27",83,2,0.0406408776220516,-0.352217148800817
"684","20230615_WCN27",84,2,-0.356263370514864,0.750377912008808
"685","20230615_WCN27",85,2,-0.254644512415045,-0.300545154013349
"686","20230615_WCN27",86,2,-0.957526497998154,-1.28214751471998
"687","20230615_WCN27",87,2,-0.821082593512261,-0.909158389655349
"688","20230615_WCN27",88,2,-0.694032488555357,-0.376774067233726
"689","20230615_WCN27",89,2,-0.732391593872622,-0.25192437035339
"690","20230615_WCN27",90,2,-0.805703946483423,-1.07161507188382
"691","20230615_WCN27",91,2,-0.29154204488586,-1.10630596563276
"692","20230615_WCN27",92,2,-1.6320918279036,-4.22931267754261
"693","20230615_WCN27",93,2,-1.13556907134939,-2.42869447361172
"694","20230615_WCN27",94,2,-0.844829225117329,-2.1278124357444
"695","20230615_WCN27",95,2,-0.0216580181508545,-0.815908601468097
"696","20230615_WCN27",96,2,-0.807752045903528,-0.460163020551977
"697","20230615_WCN27",97,2,-0.185248043060188,-0.354677836640131
"698","20230615_WCN27",98,2,-0.994157423645652,-1.23690576081916
"699","20230615_WCN27",99,2,-0.563315518188049,-1.26174092145243
"700","20230615_WCN27",100,2,0.00160191090768303,-0.140553176530003
"701","20230615_WCN27",101,2,0.0171097521618977,-0.3429915992987
"702","20230615_WCN27",102,2,-0.145120079052761,0.00029003308104766
"703","20230615_WCN27",103,2,-0.169068925725383,-0.168728497402585
"704","20230615_WCN27",104,2,-0.0809566120221171,0.0444955707826047
"705","20230615_WCN27",105,2,-0.124352170803676,0.0260332417950948
"706","20230615_WCN27",106,2,-0.130084335030251,-0.40833348610997
"707","20230615_WCN27",107,2,0.05155358913006,0.14752029126715
"708","20230615_WCN27",108,2,-0.424132395295199,-0.402754441868709
"709","20230615_WCN27",109,2,-0.233869357713477,-0.625909694930459
"710","20230615_WCN27",110,2,-0.918183867533224,0.254752992869658
"711","20230615_WCN27",111,2,-0.318740378414162,-0.775242708210515
"712","20230615_WCN27",112,2,0.0395892565750306,-0.411423518820262
"713","20230615_WCN27",113,2,0.138451372773606,-0.769030135626403
"714","20230615_WCN27",114,2,0.420147482078885,-0.0524487643527137
"715","20230615_WCN27",115,2,-0.428536744514656,-1.29932588862279
"716","20230615_WCN27",116,2,-0.526303747165196,-0.698664451437388
"717","20230615_WCN27",117,2,-0.300277047274508,-0.925112932351869
"718","20230615_WCN27",118,2,-0.374044020452984,-1.6448955651837
"719","20230615_WCN27",119,2,-0.406817121646331,-0.489447496605614
"720","20230615_WCN27",120,2,-0.0169021793632576,1.32689078792407
"721","20230613_AZI25",1,1,0.598538410823015,0.0600580869548958
"722","20230613_AZI25",2,1,0.112719952557013,-0.581080310822372
"723","20230613_AZI25",3,1,-0.227679059599034,-1.08287234202948
"724","20230613_AZI25",4,1,0.199557139896658,-1.15871048259339
"725","20230613_AZI25",5,1,-0.154752591315837,-0.248148886472374
"726","20230613_AZI25",6,1,0.051463911613724,-0.62283527761984
"727","20230613_AZI25",7,1,-0.10018190977692,-0.211263530348827
"728","20230613_AZI25",8,1,0.511002236139648,-1.11268969746327
"729","20230613_AZI25",9,1,-1.05797705166547,-0.723634273379041
"730","20230613_AZI25",10,1,-0.345621941364364,0.0979038367140635
"731","20230613_AZI25",11,1,0.222086289184537,0.31429881600268
"732","20230613_AZI25",12,1,0.434568619284875,-0.237906675135064
"733","20230613_AZI25",13,1,0.0378647151416734,-0.543828600799883
"734","20230613_AZI25",14,1,0.105702350706055,0.703525834646705
"735","20230613_AZI25",15,1,0.0096297408358924,0.106657772349169
"736","20230613_AZI25",16,1,0.121604620276642,-1.39453200529253
"737","20230613_AZI25",17,1,-0.428502100972449,-1.65462140220528
"738","20230613_AZI25",18,1,0.00321318440728018,-0.360171225465591
"739","20230613_AZI25",19,1,-0.52869964723927,0.123916203862669
"740","20230613_AZI25",20,1,-0.378016585833548,-0.500349334682889
"741","20230613_AZI25",21,1,-0.537627216503624,0.161176286724868
"742","20230613_AZI25",22,1,-0.285281273449405,-0.1101053529419
"743","20230613_AZI25",23,1,-0.372689055107196,0.234476727884146
"744","20230613_AZI25",24,1,-0.683592138420447,-0.839836859492559
"745","20230613_AZI25",25,1,0.0694427588203202,0.699466597896827
"746","20230613_AZI25",26,1,-0.101508925636491,-0.185907966929823
"747","20230613_AZI25",27,1,0.0323378055634727,0.191480999325454
"748","20230613_AZI25",28,1,-0.0341939237864211,-0.700275329560711
"749","20230613_AZI25",29,1,0.0258652476481611,-0.162408871422985
"750","20230613_AZI25",30,1,0.384451284195862,-0.666466429742513
"751","20230613_AZI25",31,1,0.522607204462259,0.273813946449976
"752","20230613_AZI25",32,1,0.316096076419048,0.558347626545595
"753","20230613_AZI25",33,1,-0.00657566467338399,0.459434435910896
"754","20230613_AZI25",34,1,0.468075646070802,0.877014210781494
"755","20230613_AZI25",35,1,0.766287711609413,1.21017054644387
"756","20230613_AZI25",36,1,0.263719737760792,0.731991211295902
"757","20230613_AZI25",37,1,-0.0225816751200586,0.842979236193872
"758","20230613_AZI25",38,1,-0.0469392044130208,0.958216551740279
"759","20230613_AZI25",39,1,0.0595269402846506,-0.0121046408043279
"760","20230613_AZI25",40,1,0.155208497700234,0.947820063184511
"761","20230613_AZI25",41,1,0.172805331287977,0.144883692509684
"762","20230613_AZI25",42,1,-0.186131154892009,-0.906907844534184
"763","20230613_AZI25",43,1,0.107002300066053,0.527778946757276
"764","20230613_AZI25",44,1,0.369751043679443,0.310241060083917
"765","20230613_AZI25",45,1,0.0787544658982688,-0.372256774227921
"766","20230613_AZI25",46,1,-0.394869205993285,-0.504164096462748
"767","20230613_AZI25",47,1,-0.0925468369231251,0.157394722806294
"768","20230613_AZI25",48,1,0.346015570308982,0.138470375103255
"769","20230613_AZI25",49,1,0.565295711312383,-0.757435190980827
"770","20230613_AZI25",50,1,-0.344957695553137,-0.846688588569142
"771","20230613_AZI25",51,1,0.0556239109142507,-0.249848560623127
"772","20230613_AZI25",52,1,0.669094839908327,-0.577625094115879
"773","20230613_AZI25",53,1,-0.465677042766489,-0.380657653641198
"774","20230613_AZI25",54,1,-0.409090690383166,-1.29223048690207
"775","20230613_AZI25",55,1,0.456003934321096,-0.318366112501977
"776","20230613_AZI25",56,1,0.570226649038823,0.906790090205543
"777","20230613_AZI25",57,1,-0.693695731183387,-1.68199611797987
"778","20230613_AZI25",58,1,-0.453351956169099,-1.06301981679515
"779","20230613_AZI25",59,1,-0.519303200380558,0.0630631419422823
"780","20230613_AZI25",60,1,-0.577083437409311,0.305991877778962
"781","20230613_AZI25",1,2,-0.250113349163818,0.250693453612104
"782","20230613_AZI25",2,2,-0.566403582986657,0.134270708302733
"783","20230613_AZI25",3,2,-0.217249044450062,0.588657945766239
"784","20230613_AZI25",4,2,0.48334132511123,0.455530916364033
"785","20230613_AZI25",5,2,0.0925536012504581,0.277256473172678
"786","20230613_AZI25",6,2,0.144596293059043,0.652126926052267
"787","20230613_AZI25",7,2,-0.113626822816878,-0.0884891810282678
"788","20230613_AZI25",8,2,-0.0372705129360481,-0.307826003176664
"789","20230613_AZI25",9,2,-0.198280541162587,-0.117313624060515
"790","20230613_AZI25",10,2,0.207398421002693,-0.432688288239045
"791","20230613_AZI25",11,2,0.540350764528149,1.27676085151845
"792","20230613_AZI25",12,2,-0.583550639198116,-0.809075616150933
"793","20230613_AZI25",13,2,-0.386046838686685,-0.0146714718222167
"794","20230613_AZI25",14,2,0.24575531412433,0.125334134308855
"795","20230613_AZI25",15,2,-0.486387915545914,-0.0665198765687032
"796","20230613_AZI25",16,2,-0.461775167158826,0.464645851094445
"797","20230613_AZI25",17,2,-0.383566540384209,0.43131663175844
"798","20230613_AZI25",18,2,-0.786685632503929,-0.411840418235649
"799","20230613_AZI25",19,2,-0.945976713465836,0.289937154682418
"800","20230613_AZI25",20,2,-0.22240144203002,-0.25288045223383
"801","20230613_AZI25",21,2,-0.551808683911603,0.00425798974415183
"802","20230613_AZI25",22,2,-0.617618423414752,0.111895170871136
"803","20230613_AZI25",23,2,-0.570260560747495,-0.537384734881711
"804","20230613_AZI25",24,2,-0.459209720104324,-0.277725483262629
"805","20230613_AZI25",25,2,-0.608140785262362,-0.679763503823413
"806","20230613_AZI25",26,2,0.26008414320127,0.456645360119738
"807","20230613_AZI25",27,2,-0.395324850754955,-0.784400208370188
"808","20230613_AZI25",28,2,0.264070150642094,-1.13809976839497
"809","20230613_AZI25",29,2,-0.960622519649724,-1.28400855128151
"810","20230613_AZI25",30,2,-0.533782196376899,0.130270568824885
"811","20230613_AZI25",31,2,-0.849039844878928,-0.744307865162614
"812","20230613_AZI25",32,2,-0.203491814998424,0.332366613934454
"813","20230613_AZI25",33,2,-0.418950724685354,-0.72648525951411
"814","20230613_AZI25",34,2,-0.427067913117869,-0.397869843500969
"815","20230613_AZI25",35,2,-0.0417733152619256,-0.769750224297374
"816","20230613_AZI25",36,2,-0.062320390759762,-0.309258276198333
"817","20230613_AZI25",37,2,0.272029301641169,-0.532635587927567
"818","20230613_AZI25",38,2,0.362040136888321,-0.469369054788087
"819","20230613_AZI25",39,2,-0.255044015555965,-1.09612241951886
"820","20230613_AZI25",40,2,0.0268608660306103,-0.563638761376136
"821","20230613_AZI25",41,2,0.0504824095808686,0.313764062847184
"822","20230613_AZI25",42,2,0.114231047987169,0.451596301459421
"823","20230613_AZI25",43,2,0.627363360047267,-0.00576404695302345
"824","20230613_AZI25",44,2,0.255220505815036,-0.492032953005312
"825","20230613_AZI25",45,2,0.394701730275396,-0.748670574874331
"826","20230613_AZI25",46,2,0.840068274226218,0.38883369240297
"827","20230613_AZI25",47,2,0.333909967881263,-0.171511312735819
"828","20230613_AZI25",48,2,-0.250345183661592,-0.945390416260857
"829","20230613_AZI25",49,2,-0.012292287618189,-0.199349805261956
"830","20230613_AZI25",50,2,-0.204805143579598,-0.703804083276556
"831","20230613_AZI25",51,2,0.00128034253615223,0.0110101085674276
"832","20230613_AZI25",52,2,0.216754381640165,-0.0356108704523397
"833","20230613_AZI25",53,2,0.107684508912701,-0.141595297503523
"834","20230613_AZI25",54,2,-0.802597123041452,-0.118811237725159
"835","20230613_AZI25",55,2,-1.29939737774782,-0.233999018574303
"836","20230613_AZI25",56,2,-0.859893838274027,0.658553444476016
"837","20230613_AZI25",57,2,-1.25781625490907,-1.37720564552159
"838","20230613_AZI25",58,2,-1.07990395285089,0.0319416242784687
"839","20230613_AZI25",59,2,0.111431509907079,0.14443633118604
"840","20230613_AZI25",60,2,0.497176089239304,1.20402393719077
"841","20230613_AZI25",61,2,-0.494862153088602,-0.953949236823044
"842","20230613_AZI25",62,2,-0.456644227906875,-0.773615341817605
"843","20230613_AZI25",63,2,-0.884668821707284,-1.3079000202185
"844","20230613_AZI25",64,2,-0.850750715116591,-1.14051937818269
"845","20230613_AZI25",65,2,-0.850946445734603,-1.82736902083855
"846","20230613_AZI25",66,2,-0.442626963770153,-0.41640044894771
"847","20230613_AZI25",67,2,0.261707634035687,-0.251130447154502
"848","20230613_AZI25",68,2,-0.237806023471823,0.170972273564994
"849","20230613_AZI25",69,2,0.0847108330327775,0.938321662753079
"850","20230613_AZI25",70,2,-1.36170533210272,-1.59799520599442
"851","20230613_AZI25",71,2,0.808417099712177,0.90878498319988
"852","20230613_AZI25",72,2,0.137459388472372,0.865444701101663
"853","20230613_AZI25",73,2,0.77886441716322,0.682963002766019
"854","20230613_AZI25",74,2,0.192271585571364,0.266093479544811
"855","20230613_AZI25",75,2,-0.694731288287924,-0.885064854695425
"856","20230613_AZI25",76,2,0.670576942921709,-0.0502992363880465
"857","20230613_AZI25",77,2,0.0187141727849688,-0.435322394560684
"858","20230613_AZI25",78,2,-0.711911548949236,-0.219445998946132
"859","20230613_AZI25",79,2,-0.128643971275502,-1.20143131894176
"860","20230613_AZI25",80,2,0.0272148286838426,-0.244287431592452
"861","20230613_AZI25",81,2,0.178759958353766,-0.102794750615374
"862","20230613_AZI25",82,2,-0.124552256852536,-1.10333093916241
"863","20230613_AZI25",83,2,0.407117044123429,0.314358070537899
"864","20230613_AZI25",84,2,0.21089179575348,-0.208365917694453
"865","20230613_AZI25",85,2,0.598257386794371,-0.174724347150514
"866","20230613_AZI25",86,2,0.438579204180995,0.720811509911084
"867","20230613_AZI25",87,2,0.161865322872258,0.0953414884575308
"868","20230613_AZI25",88,2,0.200768238894646,0.291377556554215
"869","20230613_AZI25",89,2,-0.568645671391699,0.996525530238511
"870","20230613_AZI25",90,2,-0.153735878442601,2.40969438661329
"871","20230613_AZI25",91,2,0.251497222223241,0.106182182610874
"872","20230613_AZI25",92,2,0.482427337532678,0.982838669999853
"873","20230613_AZI25",93,2,-1.16127888616001,0.266753567074671
"874","20230613_AZI25",94,2,-0.373566375134586,-0.676036193965253
"875","20230613_AZI25",95,2,0.203259013202858,-1.09996158938
"876","20230613_AZI25",96,2,0.997584521936644,-0.133628779125412
"877","20230613_AZI25",97,2,-0.941014649443437,-0.899420038510711
"878","20230613_AZI25",98,2,0.353167698327263,-0.522818764902297
"879","20230613_AZI25",99,2,0.0922509877333989,0.866863687307013
"880","20230613_AZI25",100,2,0.19328022965893,-0.730627111136688
"881","20230613_AZI25",101,2,-0.17659987847727,-1.63181782889551
"882","20230613_AZI25",102,2,0.254141116545908,-0.538687333335608
"883","20230613_AZI25",103,2,-0.154986645279089,-0.698334100807198
"884","20230613_AZI25",104,2,0.0965566418356921,-0.349696742298154
"885","20230613_AZI25",105,2,-0.726244415087235,-0.312815884224167
"886","20230613_AZI25",106,2,-1.18838949590805,-2.33937070650649
"887","20230613_AZI25",107,2,-0.666548717970333,-1.09866942384369
"888","20230613_AZI25",108,2,-0.534888002024976,-1.79646978752276
"889","20230613_AZI25",109,2,-0.203558083061771,0.117789779987299
"890","20230613_AZI25",110,2,-0.0845400778784517,-0.772181361991896
"891","20230613_AZI25",111,2,0.701812592763077,0.279547736661517
"892","20230613_AZI25",112,2,-0.84176922168318,-0.301315585504567
"893","20230613_AZI25",113,2,0.261984245494196,0.301052677679759
"894","20230613_AZI25",114,2,0.143647124178727,0.215432126349991
"895","20230613_AZI25",115,2,-0.00302130651213773,0.0842400543149803
"896","20230613_AZI25",116,2,0.0637272279812852,0.24673139202727
"897","20230613_AZI25",117,2,-1.69731022504592,-1.80712540922162
"898","20230613_AZI25",118,2,-0.336549000356193,0.781209231225282
"899","20230613_AZI25",119,2,0.239686689940655,-0.551910738341583
"900","20230613_AZI25",120,2,0.256350925399156,0.143290242093144
"901","20230620_CCY20",1,1,-0.468360400898865,1.83724527592407
"902","20230620_CCY20",2,1,-0.932359601103657,-0.0302291766616873
"903","20230620_CCY20",3,1,-0.741966036298925,1.98218124816276
"904","20230620_CCY20",4,1,-1.22820190919751,-0.145337331382471
"905","20230620_CCY20",5,1,0.106506501081149,-0.454787576794758
"906","20230620_CCY20",6,1,0.25119907928346,-0.36220262655955
"907","20230620_CCY20",7,1,0.13210715872279,-1.87270518744575
"908","20230620_CCY20",8,1,0.933352159002284,1.19667352462337
"909","20230620_CCY20",9,1,1.08947057118205,-0.141689950642618
"910","20230620_CCY20",10,1,-0.413851817057183,-0.0743861218453735
"911","20230620_CCY20",11,1,1.11927309105428,1.12289860472417
"912","20230620_CCY20",12,1,-0.142349555670137,0.0761181640999532
"913","20230620_CCY20",13,1,-0.262479235564112,0.337575209100888
"914","20230620_CCY20",14,1,-0.0142615686001864,0.196036735207417
"915","20230620_CCY20",15,1,0.260014758401893,1.04349484523645
"916","20230620_CCY20",16,1,-1.48890014708698,-2.18171766500479
"917","20230620_CCY20",17,1,-0.185909617654473,-0.00469682254664947
"918","20230620_CCY20",18,1,-0.557895485267593,-1.15887954337589
"919","20230620_CCY20",19,1,-0.357493146785916,-0.210083215030312
"920","20230620_CCY20",20,1,-0.171115082664261,-1.41826609202984
"921","20230620_CCY20",21,1,0.0685494682035008,0.198528793930847
"922","20230620_CCY20",22,1,-0.0428834010255788,0.337047704612322
"923","20230620_CCY20",23,1,-0.162490293519014,0.325401916659327
"924","20230620_CCY20",24,1,0.730823733493441,0.585087087152252
"925","20230620_CCY20",25,1,0.0234661112440547,-0.169126091885471
"926","20230620_CCY20",26,1,0.869209095532161,0.298723993866327
"927","20230620_CCY20",27,1,0.265049396808997,0.642781123522282
"928","20230620_CCY20",28,1,1.21526277464298,0.659436700865626
"929","20230620_CCY20",29,1,0.626417788007137,0.788739822551234
"930","20230620_CCY20",30,1,1.11902083239948,1.28034062845646
"931","20230620_CCY20",31,1,0.413236412108174,-1.21213630501408
"932","20230620_CCY20",32,1,-0.0296207752196996,0.831593951545021
"933","20230620_CCY20",33,1,0.0450159523914776,-0.234297816496423
"934","20230620_CCY20",34,1,-1.56037492868466,-0.60298243029094
"935","20230620_CCY20",35,1,-0.199611648981498,0.888497701938695
"936","20230620_CCY20",36,1,0.69854999676231,0.424494714095628
"937","20230620_CCY20",37,1,-0.952810768612752,-0.425224141014146
"938","20230620_CCY20",38,1,-0.381929732943581,-0.389997073006065
"939","20230620_CCY20",39,1,-0.213091801841613,-0.317077381437474
"940","20230620_CCY20",40,1,0.44428479602184,0.144747314055652
"941","20230620_CCY20",41,1,0.822257650177443,1.00221852941095
"942","20230620_CCY20",42,1,0.519208739911401,0.703030006867194
"943","20230620_CCY20",43,1,1.26728135827866,0.218214422931701
"944","20230620_CCY20",44,1,0.843463310714174,0.970454696240404
"945","20230620_CCY20",45,1,0.71473076532476,0.862756185266139
"946","20230620_CCY20",46,1,0.611578460200049,0.483543561477631
"947","20230620_CCY20",47,1,0.292020565140727,-0.227589448359812
"948","20230620_CCY20",48,1,0.893690438170247,1.18561590394451
"949","20230620_CCY20",49,1,0.444532499426657,1.30587446115123
"950","20230620_CCY20",50,1,0.483367864113938,0.895267810856116
"951","20230620_CCY20",51,1,0.309577429012777,0.513197909797355
"952","20230620_CCY20",52,1,-0.0687655835089134,-0.218177499720663
"953","20230620_CCY20",53,1,0.245094730657009,1.13577859985933
"954","20230620_CCY20",54,1,-0.0078222654417273,-0.0302405561340095
"955","20230620_CCY20",55,1,-0.667914557735402,-0.0678223035194808
"956","20230620_CCY20",56,1,-0.0577006211070045,1.33119900037758
"957","20230620_CCY20",57,1,-0.330350725078917,-0.246775593672041
"958","20230620_CCY20",58,1,-0.0651005100825599,0.546640047691487
"959","20230620_CCY20",59,1,0.385744653749063,0.451170738405919
"960","20230620_CCY20",60,1,0.27665953114285,0.974890706521596
"961","20230620_CCY20",1,2,-1.04918165538566,0.926104396474831
"962","20230620_CCY20",2,2,-0.830315817757678,0.359226211725223
"963","20230620_CCY20",3,2,-0.730256909714925,0.0798367593590985
"964","20230620_CCY20",4,2,0.438308849072245,-1.65196215691344
"965","20230620_CCY20",5,2,0.243572615189454,-0.427739720868354
"966","20230620_CCY20",6,2,-0.420395139582549,-1.61639784563351
"967","20230620_CCY20",7,2,-0.822597529205441,-0.772798341428143
"968","20230620_CCY20",8,2,-0.394838002685957,-1.54458764499749
"969","20230620_CCY20",9,2,-1.70985040679982,-2.6609906827335
"970","20230620_CCY20",10,2,-1.64257818442622,-1.94878036737122
"971","20230620_CCY20",11,2,-0.19706655352719,-1.16994766188672
"972","20230620_CCY20",12,2,1.343269822498,-1.53492442927825
"973","20230620_CCY20",13,2,-0.898842853925389,0.0430909666603291
"974","20230620_CCY20",14,2,-0.333247438014739,0.41973089736863
"975","20230620_CCY20",15,2,-1.37202946573708,-0.153544022352852
"976","20230620_CCY20",16,2,-0.670210002485899,-0.238050278958007
"977","20230620_CCY20",17,2,-0.860865658257697,-0.468921417984644
"978","20230620_CCY20",18,2,-0.610541334917885,-0.369215960191282
"979","20230620_CCY20",19,2,-1.04116032330351,0.678012027706881
"980","20230620_CCY20",20,2,-1.65939631919796,-0.878216129737676
"981","20230620_CCY20",21,2,-2.49372117942286,-0.883677424468254
"982","20230620_CCY20",22,2,-1.67299126625746,-1.00999736256846
"983","20230620_CCY20",23,2,-0.772432066628787,0.486144488323547
"984","20230620_CCY20",24,2,-0.405214891080965,-0.658470498518117
"985","20230620_CCY20",25,2,-0.0157714402250019,-0.812161126941372
"986","20230620_CCY20",26,2,-0.645351879574344,0.543052539843599
"987","20230620_CCY20",27,2,-1.05188448346736,0.267149132572942
"988","20230620_CCY20",28,2,-0.41156522460581,1.32458643863599
"989","20230620_CCY20",29,2,-0.0721929566157798,-1.22515880451521
"990","20230620_CCY20",30,2,-0.722831223530265,-0.643876709651509
"991","20230620_CCY20",31,2,0.433525079908573,0.314670648038601
"992","20230620_CCY20",32,2,0.644143202291908,0.00245831533932664
"993","20230620_CCY20",33,2,-0.993587462355532,0.245446820943666
"994","20230620_CCY20",34,2,0.180461381665156,-0.25573301087651
"995","20230620_CCY20",35,2,-0.213949061285311,-0.291373472398741
"996","20230620_CCY20",36,2,-0.590561423153578,-0.594447763238799
"997","20230620_CCY20",37,2,-0.899864500638947,-0.254788600089442
"998","20230620_CCY20",38,2,-1.33787783477274,-1.32513080709564
"999","20230620_CCY20",39,2,-0.218656901123757,-0.72583425669567
"1000","20230620_CCY20",40,2,-0.532923693367077,-0.775125961544411
"1001","20230620_CCY20",41,2,-0.478347729177123,-1.01321611398544
"1002","20230620_CCY20",42,2,-0.782944657449451,-1.27734143447004
"1003","20230620_CCY20",43,2,-0.79629595507361,-1.24070262224964
"1004","20230620_CCY20",44,2,-0.0126200924896429,-0.394502054619533
"1005","20230620_CCY20",45,2,-0.515620765525491,-0.0877170881580254
"1006","20230620_CCY20",46,2,-0.401183318067704,-0.724130230813077
"1007","20230620_CCY20",47,2,0.955904966371177,-0.44235769379884
"1008","20230620_CCY20",48,2,0.326097063491739,-1.10848227279815
"1009","20230620_CCY20",49,2,0.0625611840516879,-1.13001122304295
"1010","20230620_CCY20",50,2,-0.421879896314072,-0.312302098853186
"1011","20230620_CCY20",51,2,0.187771938625274,-0.254674312144545
"1012","20230620_CCY20",52,2,-0.397372819069855,-0.622448059349691
"1013","20230620_CCY20",53,2,-0.67491864852892,-0.262967645047119
"1014","20230620_CCY20",54,2,-0.72774963841443,0.155468267452065
"1015","20230620_CCY20",55,2,-1.37042367911169,-0.569477034415582
"1016","20230620_CCY20",56,2,-1.79545456435965,0.199015015440803
"1017","20230620_CCY20",57,2,-1.86273926585458,-0.223700142952891
"1018","20230620_CCY20",58,2,-1.23550769264244,-0.0456399786916952
"1019","20230620_CCY20",59,2,-0.66034904293091,-1.21349900039948
"1020","20230620_CCY20",60,2,-1.76944070232156,-1.87068811971711
"1021","20230620_CCY20",61,2,-0.952922715555269,-0.401641468928065
"1022","20230620_CCY20",62,2,-1.88990960776024,0.487587020280153
"1023","20230620_CCY20",63,2,-0.3739604420516,-0.955531664822712
"1024","20230620_CCY20",64,2,-0.536777563613159,-2.08733001238363
"1025","20230620_CCY20",65,2,-0.375446478650698,-0.0454691532368381
"1026","20230620_CCY20",66,2,0.00695037217557411,-0.208166497055187
"1027","20230620_CCY20",67,2,-0.624956832156538,-0.490096679665015
"1028","20230620_CCY20",68,2,-0.0276331993056355,0.0889655905408538
"1029","20230620_CCY20",69,2,-0.597393077094448,0.0473929816910389
"1030","20230620_CCY20",70,2,-0.647970844086723,-0.384384448997222
"1031","20230620_CCY20",71,2,-0.269003374070904,-0.392818340697863
"1032","20230620_CCY20",72,2,-0.474484724877945,-0.359385240325657
"1033","20230620_CCY20",73,2,-0.450868075019125,-0.0137814205961042
"1034","20230620_CCY20",74,2,-0.044495844920383,0.0282614675907946
"1035","20230620_CCY20",75,2,-0.0512250074310894,-0.675195119599895
"1036","20230620_CCY20",76,2,-0.999748122930262,-0.469092554529615
"1037","20230620_CCY20",77,2,-0.578516369537508,-0.148957354268627
"1038","20230620_CCY20",78,2,-0.246576495680697,0.80489846298431
"1039","20230620_CCY20",79,2,-1.38150331638814,-1.38839057595703
"1040","20230620_CCY20",80,2,-0.977038995664895,0.217900152486335
"1041","20230620_CCY20",81,2,-1.33648563699989,-0.306983478133664
"1042","20230620_CCY20",82,2,0.0639900705055394,1.10522266919495
"1043","20230620_CCY20",83,2,0.908036812919661,-1.29020616499287
"1044","20230620_CCY20",84,2,-1.26763737832288,-1.29043146095315
"1045","20230620_CCY20",85,2,-0.545109376326442,-0.155489608076298
"1046","20230620_CCY20",86,2,0.30078693099297,0.0508882266082918
"1047","20230620_CCY20",87,2,-1.01924812822878,0.63982365027176
"1048","20230620_CCY20",88,2,0.334429542874613,1.15108073654328
"1049","20230620_CCY20",89,2,0.0649281364585722,1.06194908355486
"1050","20230620_CCY20",90,2,-0.378112966384781,0.479911205042104
"1051","20230620_CCY20",91,2,-1.24500228718329,-0.557970350251056
"1052","20230620_CCY20",92,2,-1.6824042860015,-1.1921986378479
"1053","20230620_CCY20",93,2,-1.20340497554799,-0.489448759472311
"1054","20230620_CCY20",94,2,-1.53164306710845,0.466005036526436
"1055","20230620_CCY20",95,2,-0.686935493924505,0.120338482912638
"1056","20230620_CCY20",96,2,-1.02196459501325,-1.00547834795209
"1057","20230620_CCY20",97,2,-0.972511615495106,-0.495234401537336
"1058","20230620_CCY20",98,2,-0.724123254202432,-0.26953265357155
"1059","20230620_CCY20",99,2,0.814059185431402,0.2227839278608
"1060","20230620_CCY20",100,2,0.611235137990505,0.504630895177951
"1061","20230620_CCY20",101,2,-0.42703094280004,0.545256921317175
"1062","20230620_CCY20",102,2,-0.326024238158975,0.432268140668977
"1063","20230620_CCY20",103,2,0.0180457436348133,-1.00695704928546
"1064","20230620_CCY20",104,2,-0.0596187190245294,-0.992609458935437
"1065","20230620_CCY20",105,2,-0.270728934179856,0.815503098417781
"1066","20230620_CCY20",106,2,-0.135194558868851,0.463060312360311
"1067","20230620_CCY20",107,2,-0.0461103128652942,-0.565322739092172
"1068","20230620_CCY20",108,2,0.296820805682511,-0.0170603040572403
"1069","20230620_CCY20",109,2,1.43413395340436,0.291942241130978
"1070","20230620_CCY20",110,2,-0.730384100226618,-0.129545705483085
"1071","20230620_CCY20",111,2,-0.402032998462878,-0.799153989975384
"1072","20230620_CCY20",112,2,-0.617265999360689,-0.351556983032835
"1073","20230620_CCY20",113,2,-0.727879759271682,-0.865640929526245
"1074","20230620_CCY20",114,2,0.0427651415773851,-0.180827717553811
"1075","20230620_CCY20",115,2,0.80411423122371,0.21955606744351
"1076","20230620_CCY20",116,2,0.05271173598398,0.426682024321262
"1077","20230620_CCY20",117,2,0.335757471979813,0.146176373424997
"1078","20230620_CCY20",118,2,-0.482122117541055,0.403986245185958
"1079","20230620_CCY20",119,2,1.11444137037636,-0.32243714343229
"1080","20230620_CCY20",120,2,-0.200959741706065,0.395001045818771
"1081","20230622_RKA24",1,1,0.252105594663829,1.14594432218326
"1082","20230622_RKA24",2,1,-0.231605641245188,-0.343663747746184
"1083","20230622_RKA24",3,1,-0.269240753739937,-0.289056254853752
"1084","20230622_RKA24",4,1,0.366462636620013,1.05729757114031
"1085","20230622_RKA24",5,1,0.219968280204812,0.701071994861975
"1086","20230622_RKA24",6,1,0.316221325074372,0.526052050606135
"1087","20230622_RKA24",7,1,0.329894139857534,0.336496814591879
"1088","20230622_RKA24",8,1,0.666372447136324,0.405558724354903
"1089","20230622_RKA24",9,1,0.0362963257315289,-0.137662603605614
"1090","20230622_RKA24",10,1,-0.0787221693615201,-0.443333505173141
"1091","20230622_RKA24",11,1,0.141950640124509,-0.995087019279278
"1092","20230622_RKA24",12,1,0.104857021208102,-0.209189752399905
"1093","20230622_RKA24",13,1,0.238777973422096,-1.17946613055669
"1094","20230622_RKA24",14,1,-0.0211237974150025,0.206396711245008
"1095","20230622_RKA24",15,1,0.383287192204543,1.1007660633024
"1096","20230622_RKA24",16,1,0.855948179209904,-0.341454809304099
"1097","20230622_RKA24",17,1,1.01748345747586,1.71499870842838
"1098","20230622_RKA24",18,1,0.179078582003789,0.56370252451103
"1099","20230622_RKA24",19,1,0.151173386522051,-0.402513636628802
"1100","20230622_RKA24",20,1,0.100387854968848,-0.255093642256633
"1101","20230622_RKA24",21,1,0.120564175672718,-1.1102798324375
"1102","20230622_RKA24",22,1,0.27567026103949,-0.993451783759434
"1103","20230622_RKA24",23,1,0.241535921404555,-0.380740166942887
"1104","20230622_RKA24",24,1,0.468175741305397,0.143900869803548
"1105","20230622_RKA24",25,1,0.0414120883283117,-0.774511443054099
"1106","20230622_RKA24",26,1,-0.020008028445922,-1.35914270475191
"1107","20230622_RKA24",27,1,0.726325451407406,1.05700610340384
"1108","20230622_RKA24",28,1,0.462393636962055,0.199608103945872
"1109","20230622_RKA24",29,1,0.63691873348037,0.405571880028283
"1110","20230622_RKA24",30,1,0.656556713423035,1.30223053784931
"1111","20230622_RKA24",31,1,0.141075178954525,-0.250955830709303
"1112","20230622_RKA24",32,1,-0.196166992020194,-0.381455510773493
"1113","20230622_RKA24",33,1,-0.343181832972393,-0.815006495061507
"1114","20230622_RKA24",34,1,-0.402448813099604,-0.965852064107121
"1115","20230622_RKA24",35,1,0.147878814646933,-0.614570125058558
"1116","20230622_RKA24",36,1,-0.127236299686784,-0.940300076601994
"1117","20230622_RKA24",37,1,-0.102440963234644,-0.66505973074117
"1118","20230622_RKA24",38,1,0.125980845591314,-0.705740540997922
"1119","20230622_RKA24",39,1,-0.0213749556860503,-0.310443427803039
"1120","20230622_RKA24",40,1,0.327208116140951,-0.19717027360323
"1121","20230622_RKA24",41,1,0.244125283844098,-0.186785731849674
"1122","20230622_RKA24",42,1,0.052545713141454,0.101200670518863
"1123","20230622_RKA24",43,1,0.00690457255492253,-0.322099329556405
"1124","20230622_RKA24",44,1,-0.244479503898867,-0.644942951165689
"1125","20230622_RKA24",45,1,-0.169501076812722,-0.194009131577868
"1126","20230622_RKA24",46,1,0.586955185698537,-0.423691712229163
"1127","20230622_RKA24",47,1,0.315956956459147,0.246993938493534
"1128","20230622_RKA24",48,1,0.278749351373512,0.0498562875241521
"1129","20230622_RKA24",49,1,-0.135457195312912,-0.841231591877756
"1130","20230622_RKA24",50,1,0.721694634901808,0.418257704494747
"1131","20230622_RKA24",51,1,0.482404111621891,-0.188229860321998
"1132","20230622_RKA24",52,1,0.222012450206879,-0.175462776478532
"1133","20230622_RKA24",53,1,0.429666985158499,-0.045729100354304
"1134","20230622_RKA24",54,1,0.677128401330207,0.644136938165263
"1135","20230622_RKA24",55,1,0.589226423203207,0.284690722982651
"1136","20230622_RKA24",56,1,-0.777275375642293,-1.63441490653388
"1137","20230622_RKA24",57,1,0.0210755712594604,-0.878800626405091
"1138","20230622_RKA24",58,1,0.4436851113598,0.142179639320512
"1139","20230622_RKA24",59,1,0.303966283615585,0.927395737377505
"1140","20230622_RKA24",60,1,-0.250263731754628,0.622730873075346
"1141","20230622_RKA24",1,2,-0.433815244838937,-1.85238424886419
"1142","20230622_RKA24",2,2,0.00078036968326269,-0.794378035191556
"1143","20230622_RKA24",3,2,0.0876152406876173,-0.871895258817444
"1144","20230622_RKA24",4,2,-0.00440119261723072,-0.70139310755947
"1145","20230622_RKA24",5,2,0.249820339850346,-0.923389255055046
"1146","20230622_RKA24",6,2,0.314271872208519,0.0483823148670913
"1147","20230622_RKA24",7,2,0.298180682907752,0.409158395336594
"1148","20230622_RKA24",8,2,-0.061382769778763,0.00066581800619473
"1149","20230622_RKA24",9,2,-0.535613220563645,-1.46013973674477
"1150","20230622_RKA24",10,2,-0.0730350753286508,-0.411279809594319
"1151","20230622_RKA24",11,2,0.0243009924656901,-0.35828107925523
"1152","20230622_RKA24",12,2,-0.0457610372030192,-0.425367466470464
"1153","20230622_RKA24",13,2,-0.254640969958773,-0.126999766586012
"1154","20230622_RKA24",14,2,0.0226248232062074,-0.370433425182832
"1155","20230622_RKA24",15,2,0.328283814797605,0.100341972508202
"1156","20230622_RKA24",16,2,-0.193588785373628,0.159908984926046
"1157","20230622_RKA24",17,2,-0.230607400923909,0.38511968885581
"1158","20230622_RKA24",18,2,-0.17689941309027,0.160043693165555
"1159","20230622_RKA24",19,2,-0.31903628347596,-0.170141721370074
"1160","20230622_RKA24",20,2,-0.294225477866181,0.836662002055328
"1161","20230622_RKA24",21,2,-0.147401628868471,0.138671048208522
"1162","20230622_RKA24",22,2,0.0245779130508567,0.357544783405912
"1163","20230622_RKA24",23,2,-0.416490044874864,0.0682047812071325
"1164","20230622_RKA24",24,2,-0.0238590081265731,0.721334263176398
"1165","20230622_RKA24",25,2,-0.154538341258495,0.131348333081392
"1166","20230622_RKA24",26,2,0.0670683041528246,0.324973189321297
"1167","20230622_RKA24",27,2,-0.663151221785964,-0.139860775456522
"1168","20230622_RKA24",28,2,-0.140781020828729,0.0914293514623806
"1169","20230622_RKA24",29,2,-0.422199197540414,0.818102704542886
"1170","20230622_RKA24",30,2,0.195932106120132,0.469580921060603
"1171","20230622_RKA24",31,2,-0.499721519806908,-0.313033641146626
"1172","20230622_RKA24",32,2,0.118564740283663,0.969320295180467
"1173","20230622_RKA24",33,2,-0.393354946764516,-0.112017848960709
"1174","20230622_RKA24",34,2,0.128063936838451,0.290468846580689
"1175","20230622_RKA24",35,2,-0.155679584599446,0.167228281545979
"1176","20230622_RKA24",36,2,-0.251093130428932,0.106353618038868
"1177","20230622_RKA24",37,2,0.383234896192418,0.470054599451772
"1178","20230622_RKA24",38,2,0.00056485068650245,0.272024124431978
"1179","20230622_RKA24",39,2,0.0762112713996363,0.340693004512096
"1180","20230622_RKA24",40,2,-0.123323130709281,0.273100826035618
"1181","20230622_RKA24",41,2,0.14318357068557,0.0183519149794283
"1182","20230622_RKA24",42,2,-0.131736317803243,-0.352830918982598
"1183","20230622_RKA24",43,2,0.0488172389762945,-0.505001071666866
"1184","20230622_RKA24",44,2,0.137036010501289,-0.327135008918769
"1185","20230622_RKA24",45,2,0.150085760163778,-0.485966989478529
"1186","20230622_RKA24",46,2,0.0254190099832474,-0.112823838247141
"1187","20230622_RKA24",47,2,0.290396137971952,-0.235912814630349
"1188","20230622_RKA24",48,2,0.0875167570871701,-0.337020544097699
"1189","20230622_RKA24",49,2,-0.198053613544317,0.240282224657822
"1190","20230622_RKA24",50,2,-0.294135099057138,0.053658786196344
"1191","20230622_RKA24",51,2,-0.205653760645558,0.189983579990155
"1192","20230622_RKA24",52,2,0.0926716240372884,-0.0854216078167668
"1193","20230622_RKA24",53,2,-0.677756443147747,0.029697875141528
"1194","20230622_RKA24",54,2,-0.367656247051486,-1.23735834638036
"1195","20230622_RKA24",55,2,-0.467114206375807,-0.904910859480349
"1196","20230622_RKA24",56,2,-0.82360973497793,-1.04923999642068
"1197","20230622_RKA24",57,2,-0.32203729650967,-0.763244318064477
"1198","20230622_RKA24",58,2,-0.705979706233157,-0.773979716934264
"1199","20230622_RKA24",59,2,-0.234744127304069,-0.965947330294736
"1200","20230622_RKA24",60,2,-0.438732622215239,-0.629789172623711
"1201","20230622_RKA24",61,2,0.0524204384534826,-1.04484520956846
"1202","20230622_RKA24",62,2,0.109716710459264,-0.366796847789334
"1203","20230622_RKA24",63,2,-0.147615611894808,-0.981704106233657
"1204","20230622_RKA24",64,2,-0.252578292812494,-0.745968259926447
"1205","20230622_RKA24",65,2,-0.0459675107099918,-0.379501454469329
"1206","20230622_RKA24",66,2,-0.201785531341687,-0.222010666699841
"1207","20230622_RKA24",67,2,-0.19887607272169,-0.687469928254985
"1208","20230622_RKA24",68,2,-0.217405035724233,-0.700454185728814
"1209","20230622_RKA24",69,2,-0.0268561215704072,-0.191751337141094
"1210","20230622_RKA24",70,2,-0.029628400009468,-0.63888696839876
"1211","20230622_RKA24",71,2,-0.482802068860549,-0.828110779690493
"1212","20230622_RKA24",72,2,-0.224683818029477,-0.274435608379558
"1213","20230622_RKA24",73,2,-0.197496121584432,-0.993529881554718
"1214","20230622_RKA24",74,2,0.114367499933045,-0.843318640601667
"1215","20230622_RKA24",75,2,-0.212954488066098,-1.00689569843374
"1216","20230622_RKA24",76,2,-0.407384836349158,-1.02511875379169
"1217","20230622_RKA24",77,2,-0.0102731868435034,-0.440476761527984
"1218","20230622_RKA24",78,2,-0.422002384765812,-0.638711172300483
"1219","20230622_RKA24",79,2,0.477627082201937,0.0214908330783404
"1220","20230622_RKA24",80,2,-0.273455183212477,0.216131076988512
"1221","20230622_RKA24",81,2,-0.398581911333048,-0.441329945520066
"1222","20230622_RKA24",82,2,-0.302226970386134,0.349258679796472
"1223","20230622_RKA24",83,2,0.349525994404603,-0.205955327693013
"1224","20230622_RKA24",84,2,0.0214950614559054,-0.332262822185449
"1225","20230622_RKA24",85,2,-0.533424689886517,-0.28119856419338
"1226","20230622_RKA24",86,2,0.326427746092358,0.127445897508522
"1227","20230622_RKA24",87,2,-0.0192177236404959,-0.113058603293716
"1228","20230622_RKA24",88,2,0.0629383353291671,0.397320760639117
"1229","20230622_RKA24",89,2,-0.129080949641834,0.0957077548484975
"1230","20230622_RKA24",90,2,0.361537140332755,0.031723581118986
"1231","20230622_RKA24",91,2,-0.379323906055375,-1.50652319905528
"1232","20230622_RKA24",92,2,-0.421164124356186,-0.461325940978971
"1233","20230622_RKA24",93,2,-0.195953208345785,0.269739069834413
"1234","20230622_RKA24",94,2,-0.115695873926527,0.609517317357461
"1235","20230622_RKA24",95,2,0.324337954629082,0.628780630348562
"1236","20230622_RKA24",96,2,0.330382248194641,-0.54394052650018
"1237","20230622_RKA24",97,2,0.0590016428278253,-0.730356945529319
"1238","20230622_RKA24",98,2,0.214331032762655,-0.299043030494354
"1239","20230622_RKA24",99,2,-0.142842237495486,-0.65423986122302
"1240","20230622_RKA24",100,2,-0.155624484125668,-0.632153060300958
"1241","20230622_RKA24",101,2,-0.212005119686354,-0.166340237833271
"1242","20230622_RKA24",102,2,-0.054861676976814,-0.256012386668204
"1243","20230622_RKA24",103,2,-0.779388559419551,-0.686163677857129
"1244","20230622_RKA24",104,2,-0.067899461141943,-0.680503762263996
"1245","20230622_RKA24",105,2,0.299069177995803,0.499905593568909
"1246","20230622_RKA24",106,2,-0.372425512280277,0.0742689150620426
"1247","20230622_RKA24",107,2,-0.126795332072425,0.483469271292296
"1248","20230622_RKA24",108,2,-0.339740499571504,0.075956917228949
"1249","20230622_RKA24",109,2,-0.390066075027293,-0.655460262091716
"1250","20230622_RKA24",110,2,-0.171178257175992,1.05223848472976
"1251","20230622_RKA24",111,2,0.0693003322148416,0.537778788669855
"1252","20230622_RKA24",112,2,-0.317813280553143,0.28379622056161
"1253","20230622_RKA24",113,2,-0.464279846138328,-0.116857281036241
"1254","20230622_RKA24",114,2,-0.418921194762629,-0.101734526695094
"1255","20230622_RKA24",115,2,-0.405734424232533,0.0709235439665314
"1256","20230622_RKA24",116,2,0.0883975972573356,0.211157021419643
"1257","20230622_RKA24",117,2,-0.577174755549553,-0.317927588776447
"1258","20230622_RKA24",118,2,-0.229991986921527,0.263029886095019
"1259","20230622_RKA24",119,2,0.0542833725463499,-0.0109532591327299
"1260","20230622_RKA24",120,2,0.198526208960787,0.57583511811709
"1261","20230713_XNN27",1,1,-0.668641686517543,-0.88073794894568
"1262","20230713_XNN27",2,1,-0.258445906885542,0.209384198806264
"1263","20230713_XNN27",3,1,0.232439304544209,1.0163460893925
"1264","20230713_XNN27",4,1,0.62344263087906,0.693717209711814
"1265","20230713_XNN27",5,1,1.20059754529849,1.97062727655114
"1266","20230713_XNN27",6,1,0.63879000232931,2.01604233610327
"1267","20230713_XNN27",7,1,-0.484369877859609,-2.21498129072671
"1268","20230713_XNN27",8,1,-0.355066029416717,-2.45956289667923
"1269","20230713_XNN27",9,1,-0.262678933713906,-1.72311152110177
"1270","20230713_XNN27",10,1,0.0810744136587792,-0.837865316354281
"1271","20230713_XNN27",11,1,-0.48614846045818,-1.45689966414795
"1272","20230713_XNN27",12,1,0.280728135485403,1.09420627097388
"1273","20230713_XNN27",13,1,-0.0482233071336754,0.0357716596875762
"1274","20230713_XNN27",14,1,0.106331858250023,0.356384165459906
"1275","20230713_XNN27",15,1,0.512141749448713,1.05121282043326
"1276","20230713_XNN27",16,1,-0.130722264736791,0.563541340203588
"1277","20230713_XNN27",17,1,-0.0578571959612537,0.390411574861352
"1278","20230713_XNN27",18,1,-0.0293690221597837,0.330330046948596
"1279","20230713_XNN27",19,1,0.0631943933475583,0.0650422988282253
"1280","20230713_XNN27",20,1,-0.24804833587194,-0.202595010342318
"1281","20230713_XNN27",21,1,0.128875641156764,0.0528986836393102
"1282","20230713_XNN27",22,1,0.293911670694693,0.264073973082558
"1283","20230713_XNN27",23,1,0.572020198383142,-0.79193389928151
"1284","20230713_XNN27",24,1,0.0233729838459429,0.0126193867853055
"1285","20230713_XNN27",25,1,0.111184737839326,-0.515317080946364
"1286","20230713_XNN27",26,1,-0.267059450982911,-0.112436397914088
"1287","20230713_XNN27",27,1,-0.592790837372438,-0.025499549548958
"1288","20230713_XNN27",28,1,-0.603383066190384,0.00367615915064772
"1289","20230713_XNN27",29,1,-0.0846191187890287,0.19149124016891
"1290","20230713_XNN27",30,1,-0.432271766255515,0.00528525758481882
"1291","20230713_XNN27",31,1,-0.389922348681849,-0.212406049692261
"1292","20230713_XNN27",32,1,-0.125233245262318,-0.183510344455948
"1293","20230713_XNN27",33,1,-0.710532191945659,-0.713607039428783
"1294","20230713_XNN27",34,1,0.00617918573755204,-0.548229579535701
"1295","20230713_XNN27",35,1,-0.00819777653786507,-0.257871533961786
"1296","20230713_XNN27",36,1,-0.108648068787872,-0.490871102973321
"1297","20230713_XNN27",37,1,-0.361173759083559,-0.38739919285799
"1298","20230713_XNN27",38,1,-0.232414751370406,-0.532116523705944
"1299","20230713_XNN27",39,1,0.0341656708820529,-0.4428668353322
"1300","20230713_XNN27",40,1,-0.426827576426284,-0.639072021861138
"1301","20230713_XNN27",41,1,0.396573863768233,0.398516286407722
"1302","20230713_XNN27",42,1,-0.0766383441865389,0.19700040061994
"1303","20230713_XNN27",43,1,-0.173369875250925,0.255365244674719
"1304","20230713_XNN27",44,1,-3.5495746972654,3.00065504934126
"1305","20230713_XNN27",45,1,-0.0360844499031328,-0.060979730156929
"1306","20230713_XNN27",46,1,-0.632806505425417,-0.112373179256273
"1307","20230713_XNN27",47,1,-0.702808310712501,-1.03232798487858
"1308","20230713_XNN27",48,1,-0.519832449020606,-0.549808838658519
"1309","20230713_XNN27",49,1,0.0658037067538847,0.750716217384421
"1310","20230713_XNN27",50,1,-0.0513408141344625,-0.269729408613181
"1311","20230713_XNN27",51,1,0.0989185391482391,0.226833557720892
"1312","20230713_XNN27",52,1,0.350114595085821,0.399648445198704
"1313","20230713_XNN27",53,1,0.0361837756379489,-0.116086077316464
"1314","20230713_XNN27",54,1,0.214099900814363,0.263276919929053
"1315","20230713_XNN27",55,1,-0.430549934369845,-0.0645098834073379
"1316","20230713_XNN27",56,1,-0.118378312543891,-0.52467001666141
"1317","20230713_XNN27",57,1,-0.0251350954897349,-0.505902452052426
"1318","20230713_XNN27",58,1,0.120197427660872,-0.174499395317568
"1319","20230713_XNN27",59,1,0.223820191467539,0.332341666273756
"1320","20230713_XNN27",60,1,0.0207226690615532,0.504670342855365
"1321","20230713_XNN27",1,2,-0.469159962510656,-0.00643080645259696
"1322","20230713_XNN27",2,2,-0.302829306065618,-0.190014448368367
"1323","20230713_XNN27",3,2,-0.106908202212324,0.214842755109946
"1324","20230713_XNN27",4,2,0.193377695268531,0.0399101724255352
"1325","20230713_XNN27",5,2,-0.0411241224509055,0.55396517339023
"1326","20230713_XNN27",6,2,0.280187855952171,-0.069247838763802
"1327","20230713_XNN27",7,2,0.230948726288498,0.448656276883633
"1328","20230713_XNN27",8,2,-0.206737312639742,0.151413313971657
"1329","20230713_XNN27",9,2,0.118978524523366,0.172366028598808
"1330","20230713_XNN27",10,2,-0.193809736151717,-0.0983914590317205
"1331","20230713_XNN27",11,2,-0.00124458134411516,-0.368927350748511
"1332","20230713_XNN27",12,2,-0.547595768571421,-0.346922161180782
"1333","20230713_XNN27",13,2,-0.285561916609234,-0.234194160875042
"1334","20230713_XNN27",14,2,0.069989766159154,0.0929989933718735
"1335","20230713_XNN27",15,2,-0.694895311791098,0.0933060932111255
"1336","20230713_XNN27",16,2,-0.227762407076224,0.155699351942921
"1337","20230713_XNN27",17,2,-0.470868532696762,-1.27069850657385
"1338","20230713_XNN27",18,2,-0.694312153712872,-1.11655370876106
"1339","20230713_XNN27",19,2,-0.766702117803015,-1.66653509628568
"1340","20230713_XNN27",20,2,-0.0956910379809437,-0.202852122578958
"1341","20230713_XNN27",21,2,-0.260484642096107,-0.804967525588332
"1342","20230713_XNN27",22,2,-0.895248300302045,-0.631376826956582
"1343","20230713_XNN27",23,2,-0.643722497960495,-0.352089903621863
"1344","20230713_XNN27",24,2,-0.834363905922745,-0.741964329737766
"1345","20230713_XNN27",25,2,-0.316599647708632,0.331237518910321
"1346","20230713_XNN27",26,2,-0.216842860063163,-0.119040950237272
"1347","20230713_XNN27",27,2,-0.309445483146549,-0.360684993089109
"1348","20230713_XNN27",28,2,-0.950581648756724,-1.27614647743239
"1349","20230713_XNN27",29,2,-0.168624742015558,0.329882768579468
"1350","20230713_XNN27",30,2,-0.324788893698368,-0.0790862793327679
"1351","20230713_XNN27",31,2,-0.571576726085995,-0.430858530477443
"1352","20230713_XNN27",32,2,-0.288558363890628,-0.391410998394901
"1353","20230713_XNN27",33,2,-0.541806994639525,0.00871394048770135
"1354","20230713_XNN27",34,2,-0.0844335923191183,0.0849361191993873
"1355","20230713_XNN27",35,2,-0.0252576932512977,-0.401310357285441
"1356","20230713_XNN27",36,2,0.128924388919309,0.0129229234943291
"1357","20230713_XNN27",37,2,0.0454529385334054,0.930495237916586
"1358","20230713_XNN27",38,2,-0.1821400226049,-0.190992736087939
"1359","20230713_XNN27",39,2,-0.584822789026042,-0.101163808618359
"1360","20230713_XNN27",40,2,-0.16344925963019,-0.53686352346379
"1361","20230713_XNN27",41,2,0.0172752558864705,-0.141098698928692
"1362","20230713_XNN27",42,2,-0.367663049241795,-0.790786482683602
"1363","20230713_XNN27",43,2,-0.268584510662972,0.203107038624057
"1364","20230713_XNN27",44,2,-0.410808931935328,-1.25297127890887
"1365","20230713_XNN27",45,2,-0.22146559797393,-0.214848979814581
"1366","20230713_XNN27",46,2,-0.240677992916075,-0.42449748085134
"1367","20230713_XNN27",47,2,-0.143518991281223,-1.35878322675432
"1368","20230713_XNN27",48,2,-0.7803031485407,-1.20052700664807
"1369","20230713_XNN27",49,2,0.199027910103778,0.223958665239612
"1370","20230713_XNN27",50,2,-0.0781297946938817,0.0300394699407783
"1371","20230713_XNN27",51,2,1.18278256928767,1.51044238695091
"1372","20230713_XNN27",52,2,0.0925946044904087,-0.0384553976718778
"1373","20230713_XNN27",53,2,0.0543328805949527,-0.0139807868911036
"1374","20230713_XNN27",54,2,0.328913468709801,0.0681155960741057
"1375","20230713_XNN27",55,2,0.314454518885045,-0.0876033158910646
"1376","20230713_XNN27",56,2,0.93118270674087,1.05782241642811
"1377","20230713_XNN27",57,2,0.14799683689518,0.781265835891155
"1378","20230713_XNN27",58,2,0.0883282046600589,-0.230666742273655
"1379","20230713_XNN27",59,2,-0.0425255344954308,-0.167675823993182
"1380","20230713_XNN27",60,2,0.405566696586125,0.187816303286999
"1381","20230713_XNN27",61,2,-0.23886324695835,-0.968736972519374
"1382","20230713_XNN27",62,2,-0.280276290423407,-1.0177931041709
"1383","20230713_XNN27",63,2,-0.0551893019555599,-0.0734313147712587
"1384","20230713_XNN27",64,2,0.0681182467807912,-0.238678905177875
"1385","20230713_XNN27",65,2,0.186060118820281,0.460691416652134
"1386","20230713_XNN27",66,2,-0.175082314378847,-0.139077474427954
"1387","20230713_XNN27",67,2,0.0809543706580811,0.239933488214189
"1388","20230713_XNN27",68,2,0.377572981646843,-0.344627754890024
"1389","20230713_XNN27",69,2,0.108556812823394,0.314912336194126
"1390","20230713_XNN27",70,2,-0.0728041037134407,-0.65396580488849
"1391","20230713_XNN27",71,2,-0.52624434885621,-0.675495091394704
"1392","20230713_XNN27",72,2,0.0665110988309607,-0.928081949958333
"1393","20230713_XNN27",73,2,0.0677083728096341,0.336641778549187
"1394","20230713_XNN27",74,2,0.00953182742485534,0.52105837239816
"1395","20230713_XNN27",75,2,0.340259350123034,1.07900295328247
"1396","20230713_XNN27",76,2,0.452194804760576,0.721478078297532
"1397","20230713_XNN27",77,2,-0.362568622239723,-0.974262631227741
"1398","20230713_XNN27",78,2,-0.0099767622670957,-0.257358940026953
"1399","20230713_XNN27",79,2,0.394791362599451,-0.517217682076779
"1400","20230713_XNN27",80,2,-0.483023489710761,-0.267192051562373
"1401","20230713_XNN27",81,2,-0.111608850260354,-0.607776273863941
"1402","20230713_XNN27",82,2,0.411366163587443,0.4076038373112
"1403","20230713_XNN27",83,2,0.366400846313564,-0.492839368830187
"1404","20230713_XNN27",84,2,0.0954590467088248,-0.0686078598390066
"1405","20230713_XNN27",85,2,-0.0715253418574315,-0.473642783863743
"1406","20230713_XNN27",86,2,-0.160227857533226,-0.0214280037328164
"1407","20230713_XNN27",87,2,0.771052740253609,0.232881022958808
"1408","20230713_XNN27",88,2,-0.297320964321008,0.0347070185230057
"1409","20230713_XNN27",89,2,-0.189472967226193,0.420140952459604
"1410","20230713_XNN27",90,2,-0.461051506142028,0.406485356248138
"1411","20230713_XNN27",91,2,0.708463936764656,-0.650456712197565
"1412","20230713_XNN27",92,2,0.195058762005629,-1.74519929827591
"1413","20230713_XNN27",93,2,1.27857594559662,0.920374427206611
"1414","20230713_XNN27",94,2,0.272186656519756,0.716950371203499
"1415","20230713_XNN27",95,2,0.0172983848138406,-0.61860600051431
"1416","20230713_XNN27",96,2,0.189131245609884,-1.14498082806473
"1417","20230713_XNN27",97,2,-0.114481753483415,-0.274424850476221
"1418","20230713_XNN27",98,2,0.38799154288929,-1.35143217500318
"1419","20230713_XNN27",99,2,-0.465925474010517,-1.03729593195587
"1420","20230713_XNN27",100,2,-0.363312183269401,-1.21119954620077
"1421","20230713_XNN27",101,2,-0.30185052945079,-1.03078838635183
"1422","20230713_XNN27",102,2,-0.490386045521981,-0.212859724965258
"1423","20230713_XNN27",103,2,-0.311214732333185,-0.276536364144144
"1424","20230713_XNN27",104,2,-0.373540115768798,-0.209621510309825
"1425","20230713_XNN27",105,2,-0.121716403183368,-0.371069275305572
"1426","20230713_XNN27",106,2,-0.24588426174455,-0.761643369726201
"1427","20230713_XNN27",107,2,-0.257757432812099,0.153287561930837
"1428","20230713_XNN27",108,2,-0.477452229175291,-0.0885811114187922
"1429","20230713_XNN27",109,2,0.0942878435017333,-0.160560606200689
"1430","20230713_XNN27",110,2,-0.0158644702049805,-0.148526467648679
"1431","20230713_XNN27",111,2,-0.392422982751354,-0.809100436547847
"1432","20230713_XNN27",112,2,0.389405383261265,0.602434396681561
"1433","20230713_XNN27",113,2,-0.0428310064525978,-0.688864884406483
"1434","20230713_XNN27",114,2,0.429608217733608,0.272499918262639
"1435","20230713_XNN27",115,2,0.487322402760815,0.216040431496382
"1436","20230713_XNN27",116,2,-0.228274739161965,0.825307694219924
"1437","20230713_XNN27",117,2,0.138349589304576,0.468221369796142
"1438","20230713_XNN27",118,2,-0.26158825571382,-0.845320266203461
"1439","20230713_XNN27",119,2,0.467508291018699,-0.209182706324531
"1440","20230713_XNN27",120,2,0.239789514826258,0.148943797776641
